ID,Domain,Mullvad Response Domain,Control Response Domain,Mullvad Status Code,Control Status Code,Mullvad Error,Control Error
1,http://google.com,https://www.google.com/?gws_rd=ssl,https://www.google.com/?gws_rd=ssl,200,200,none,none
2,http://youtube.com,https://www.youtube.com/,https://www.youtube.com/,200,200,none,none
3,http://tmall.com,https://www.tmall.com/,https://www.tmall.com/,200,200,none,none
4,http://baidu.com,https://www.baidu.com/,http://www.baidu.com/,200,200,none,none
5,http://qq.com,https://www.qq.com/,https://www.qq.com/,200,200,none,none
6,http://sohu.com,https://www.sohu.com/,https://www.sohu.com/,200,200,none,none
7,http://facebook.com,https://www.facebook.com/,https://www.facebook.com/,200,200,none,none
8,http://taobao.com,https://world.taobao.com/,https://world.taobao.com/,200,200,none,none
9,http://360.cn,https://www.360.cn/,https://www.360.cn/,200,200,none,none
10,http://jd.com,https://global.jd.com/,https://global.jd.com/,200,200,none,none
11,http://amazon.com,https://www.amazon.com/,https://www.amazon.com/,200,200,none,none
12,http://yahoo.com,https://se.yahoo.com/?p=us&guccounter=1,https://www.yahoo.com/?guccounter=1,200,200,none,none
13,http://wikipedia.org,https://www.wikipedia.org/,https://www.wikipedia.org/,200,200,none,none
14,http://weibo.com,https://weibo.com/overseas,https://weibo.com/overseas,200,200,none,none
15,http://sina.com.cn,https://www.sina.com.cn/?from=kandian,https://www.sina.com.cn/?from=kandian,200,200,none,none
16,http://xinhuanet.com,http://xinhuanet.com/,http://xinhuanet.com/,200,200,none,none
17,http://netflix.com,https://www.netflix.com/se-en/,https://www.netflix.com/nl-en/,200,200,none,none
18,http://reddit.com,https://www.reddit.com/,https://www.reddit.com/,200,200,none,none
19,http://live.com,https://outlook.live.com/owa/,https://outlook.live.com/owa/,200,200,none,none
20,http://instagram.com,https://www.instagram.com/,https://www.instagram.com/,200,200,none,none
21,http://panda.tv,https://panda.tv/,https://panda.tv/,200,200,none,none
22,http://alipay.com,https://www.alipay.com/,https://www.alipay.com/,200,200,none,none
23,http://zoom.us,https://zoom.us/,https://zoom.us/,200,200,none,none
24,http://google.com.hk,https://www.google.com.hk/?gws_rd=ssl,https://www.google.com.hk/?gws_rd=ssl,200,200,none,none
25,http://csdn.net,https://www.csdn.net/,https://www.csdn.net/,200,200,none,none
26,http://vk.com,https://vk.com/,https://vk.com/,200,200,none,none
27,http://zhanqi.tv,https://www.zhanqi.tv/,https://www.zhanqi.tv/,200,200,none,none
28,http://bing.com,https://www.bing.com/?toHttps=1&redig=767116A0CCFB476282F46B6FCB51FD61,https://www.bing.com/?toHttps=1&redig=653D332341524D5DA73771A3223F1CBC,200,200,none,none
29,http://microsoft.com,https://www.microsoft.com/sv-se/,https://www.microsoft.com/nl-nl/,200,200,none,none
30,http://twitch.tv,https://www.twitch.tv/,https://www.twitch.tv/,200,200,none,none
31,http://myshopify.com,http://myshopify.com/,http://myshopify.com/,404,404,none,none
32,http://yahoo.co.jp,https://www.yahoo.co.jp/,https://www.yahoo.co.jp/,200,200,none,none
33,http://okezone.com,https://www.okezone.com/,https://www.okezone.com/,200,200,none,none
34,http://office.com,https://www.office.com/,https://www.office.com/,200,200,none,none
35,http://twitter.com,https://twitter.com/,https://twitter.com/,200,200,none,none
36,http://ebay.com,https://www.ebay.com/,https://www.ebay.com/,200,200,none,none
37,http://naver.com,https://www.naver.com/,https://www.naver.com/,200,200,none,none
38,http://amazon.in,https://www.amazon.in/,https://www.amazon.in/,200,200,none,none
39,http://bongacams.com,https://se.bongacams.com/,https://nl.bongacams.com/,200,200,none,none
40,http://amazon.co.jp,https://www.amazon.co.jp/,https://www.amazon.co.jp/,200,200,none,none
41,http://haosou.com,https://www.so.com/?src=haosou.com,https://www.so.com/?src=haosou.com,200,200,none,none
42,http://aliexpress.com,https://www.aliexpress.com/,https://www.aliexpress.com/,200,200,none,none
43,http://17ok.com,http://17ok.com/,http://17ok.com/,200,200,none,none
44,http://adobe.com,https://www.adobe.com/,https://www.adobe.com/,200,200,none,none
45,http://yy.com,https://www.yy.com/,https://www.yy.com/,200,200,none,none
46,http://huanqiu.com,https://www.huanqiu.com/,https://www.huanqiu.com/,200,200,none,none
47,http://apple.com,https://www.apple.com/,https://www.apple.com/,200,200,none,none
48,http://ok.ru,https://ok.ru/,https://ok.ru/,200,200,none,none
49,http://tianya.cn,http://www.tianya.cn/,http://www.tianya.cn/,200,200,none,none
50,http://chaturbate.com,https://chaturbate.com/,https://chaturbate.com/,200,200,none,none
51,http://yandex.ru,https://yandex.ru/,https://yandex.ru/,200,200,none,none
52,http://google.com.br,https://www.google.com.br/?gws_rd=ssl,https://www.google.com.br/?gws_rd=ssl,200,200,none,none
53,http://1688.com,https://www.1688.com/,https://www.1688.com/,200,200,none,none
54,http://microsoftonline.com,none,none,0,0,net::ERR_NAME_NOT_RESOLVED at http://microsoftonline.com,net::ERR_NAME_NOT_RESOLVED at http://microsoftonline.com
55,http://whatsapp.com,https://www.whatsapp.com/,https://www.whatsapp.com/,200,200,none,none
56,http://linkedin.com,https://www.linkedin.com/,https://www.linkedin.com/,200,200,none,none
57,http://mail.ru,https://mail.ru/,https://mail.ru/,200,200,none,none
58,http://wordpress.com,https://wordpress.com/,https://wordpress.com/,200,200,none,none
59,http://imdb.com,https://www.imdb.com/,https://www.imdb.com/,200,200,none,none
60,http://khtahmar.com,https://www.khtahmar.com/,https://www.khtahmar.com/,200,200,none,none
61,http://aparat.com,https://www.aparat.com/,https://www.aparat.com/,200,200,none,none
62,http://babytree.com,http://babytree.com/,http://babytree.com/,200,200,none,none
63,http://tradingview.com,https://www.tradingview.com/,https://www.tradingview.com/,200,200,none,none
64,http://google.co.in,https://www.google.co.in/?gws_rd=ssl,https://www.google.co.in/?gws_rd=ssl,200,200,none,none
65,http://etsy.com,https://www.etsy.com/,https://www.etsy.com/,200,200,none,none
66,http://tribunnews.com,https://www.tribunnews.com/,https://www.tribunnews.com/,200,200,none,none
67,http://so.com,https://www.so.com/?src=so.com,https://www.so.com/?src=so.com,200,200,none,none
68,http://msn.com,https://www.msn.com/sv-se/,https://www.msn.com/nl-nl/,200,200,none,none
69,http://medium.com,http://medium.com/,http://medium.com/,200,200,none,none
70,http://dropbox.com,https://www.dropbox.com/,https://www.dropbox.com/?_hp=c,200,200,none,none
71,http://fandom.com,https://www.fandom.com/,https://www.fandom.com/,200,200,none,none
72,http://google.de,https://www.google.de/?gws_rd=ssl,https://www.google.de/?gws_rd=ssl,200,200,none,none
73,http://roblox.com,https://www.roblox.com/,https://www.roblox.com/,200,200,none,none
74,http://chase.com,https://www.chase.com/,https://www.chase.com/,200,200,none,none
75,http://cnblogs.com,https://www.cnblogs.com/,https://www.cnblogs.com/,200,200,none,none
76,http://xvideos.com,https://www.xvideos.com/,https://www.xvideos.com/,200,200,none,none
77,http://cnzz.com,https://www.umeng.com/,https://www.umeng.com/,200,200,none,none
78,http://spotify.com,https://www.spotify.com/se/,https://www.spotify.com/nl/,200,200,none,none
79,http://indeed.com,https://se.indeed.com/?r=us,https://nl.indeed.com/?r=us,200,200,none,none
80,http://pornhub.com,https://www.pornhub.com/,https://www.pornhub.com/,200,200,none,none
81,http://rakuten.co.jp,https://www.rakuten.co.jp/,https://www.rakuten.co.jp/,200,200,none,none
82,http://paypal.com,https://www.paypal.com/se/home,https://www.paypal.com/nl/home,200,200,none,none
83,http://google.co.jp,https://www.google.co.jp/?gws_rd=ssl,https://www.google.co.jp/?gws_rd=ssl,200,200,none,none
84,http://livejasmin.com,https://www.livejasmin.com/en/girls/,https://www.livejasmin.com/en/girls/,200,200,none,none
85,http://163.com,none,none,0,0,Navigation timeout of 40000 ms exceeded,Navigation timeout of 40000 ms exceeded
86,http://canva.com,https://www.canva.com/,https://www.canva.com/,200,200,none,none
87,http://hao123.com,https://www.hao123.com/,https://www.hao123.com/,200,200,none,none
88,http://state.gov,https://www.state.gov/,https://www.state.gov/,200,200,none,none
89,http://6.cn,https://www.6.cn/,https://www.6.cn/,200,200,none,none
90,http://savefrom.net,https://en.savefrom.net/20/,https://en.savefrom.net/20/,200,200,none,none
91,http://force.com,https://www.salesforce.com/products/platform/products/force/?sfdc-redirect=300,https://www.salesforce.com/products/platform/products/force/?sfdc-redirect=300,200,200,none,none
92,http://primevideo.com,https://www.primevideo.com/,https://www.primevideo.com/,200,200,none,none
93,http://udemy.com,https://www.udemy.com/,https://www.udemy.com/,200,200,none,none
94,http://tiktok.com,https://www.tiktok.com/,https://www.tiktok.com/,200,200,none,none
95,http://amazonaws.com,https://aws.amazon.com/,https://aws.amazon.com/,200,200,none,none
96,http://kompas.com,https://www.kompas.com/,https://www.kompas.com/,200,200,none,none
97,http://gome.com.cn,https://www.gome.com.cn/,https://www.gome.com.cn/,200,200,none,none
98,http://bbc.com,https://www.bbc.com/,https://www.bbc.com/,200,200,none,none
99,http://telegram.org,https://telegram.org/,https://telegram.org/,200,200,none,none
100,http://google.ru,https://www.google.ru/?gws_rd=ssl,https://www.google.ru/?gws_rd=ssl,200,200,none,none
101,http://imgur.com,https://imgur.com/,https://imgur.com/,200,200,none,none
102,http://walmart.com,https://www.walmart.com/blocked?url=Lw==&uuid=620fb1a0-b88c-11eb-a151-cdee2a14e81f&vid=&g=a,https://www.walmart.com/blocked?url=Lw==&uuid=492606b0-b852-11eb-9ca4-e734374a2ace&vid=&g=a,200,200,none,none
103,http://stackoverflow.com,https://stackoverflow.com/,https://stackoverflow.com/,200,200,none,none
104,http://trello.com,https://trello.com/,https://trello.com/,200,200,none,none
105,http://amazon.co.uk,https://www.amazon.co.uk/,https://www.amazon.co.uk/,200,200,none,none
106,http://github.com,https://github.com/,https://github.com/,200,200,none,none
107,http://rednet.cn,http://www.rednet.cn/index.html,http://www.rednet.cn/index.html,200,200,none,none
108,http://nytimes.com,https://www.nytimes.com/,https://www.nytimes.com/,200,200,none,none
109,http://zillow.com,https://www.zillow.com/,https://www.zillow.com/,200,200,none,none
110,http://instructure.com,https://www.instructure.com/,https://www.instructure.com/,200,200,none,none
111,http://pikiran-rakyat.com,https://www.pikiran-rakyat.com/,https://www.pikiran-rakyat.com/,200,200,none,none
112,http://cowin.gov.in,https://www.cowin.gov.in/,https://www.cowin.gov.in/,403,403,none,none
113,http://booking.com,https://www.booking.com/,https://www.booking.com/,200,200,none,none
114,http://stackexchange.com,https://stackexchange.com/,https://stackexchange.com/,200,200,none,none
115,http://google.fr,https://www.google.fr/?gws_rd=ssl,https://www.google.fr/?gws_rd=ssl,200,200,none,none
116,http://google.com.sg,https://www.google.com.sg/?gws_rd=ssl,https://www.google.com.sg/?gws_rd=ssl,200,200,none,none
117,http://slack.com,https://slack.com/intl/en-se/,https://slack.com/intl/en-nl/,200,200,none,none
118,http://aliyun.com,https://eu.alibabacloud.com/en,https://eu.alibabacloud.com/en,200,200,none,none
119,http://godaddy.com,https://se.godaddy.com/,https://nl.godaddy.com/,200,200,none,none
120,http://xhamster.com,https://xhamster.com/,https://xhamster.com/,200,200,none,none
121,http://espn.com,https://www.espn.com/,https://www.espn.nl/,200,200,none,none
122,http://duckduckgo.com,https://duckduckgo.com/,https://duckduckgo.com/,200,200,none,none
123,http://intuit.com,https://www.intuit.com/,https://www.intuit.com/,200,200,none,none
124,http://51.la,https://www.51.la/,https://www.51.la/,200,200,none,none
125,http://cnn.com,https://edition.cnn.com/,https://edition.cnn.com/,200,200,none,none
126,http://salesforce.com,https://www.salesforce.com/se/?ir=1,https://www.salesforce.com/nl/?ir=1,200,200,none,none
127,http://detik.com,https://www.detik.com/,https://www.detik.com/,200,200,none,none
128,http://pixnet.net,https://www.pixnet.net/,https://www.pixnet.net/,200,200,none,none
129,http://tumblr.com,https://www.tumblr.com/,https://www.tumblr.com/,200,200,none,none
130,http://google.es,https://www.google.es/?gws_rd=ssl,https://www.google.es/?gws_rd=ssl,200,200,none,none
131,http://pinterest.com,https://www.pinterest.com/,https://www.pinterest.com/,200,200,none,none
132,http://grammarly.com,https://www.grammarly.com/,https://www.grammarly.com/,200,200,none,none
133,http://indiatimes.com,https://www.indiatimes.com/,https://www.indiatimes.com/,200,200,none,none
134,http://bbc.co.uk,https://www.bbc.com/,https://www.bbc.com/,200,200,none,none
135,http://zhihu.com,https://www.zhihu.com/signin?next=%2F,https://www.zhihu.com/signin?next=%2F,200,200,none,none
136,http://binance.com,https://www.binance.com/en,https://www.binance.com/en,200,200,none,none
137,http://amazon.de,https://www.amazon.de/,https://www.amazon.de/,200,200,none,none
138,http://daum.net,https://www.daum.net/,https://www.daum.net/,200,200,none,none
139,http://shutterstock.com,https://www.shutterstock.com/,https://www.shutterstock.com/,200,200,none,none
140,http://nih.gov,https://www.nih.gov/,https://www.nih.gov/,200,200,none,none
141,http://soundcloud.com,https://soundcloud.com/,https://soundcloud.com/,200,200,none,none
142,http://jiameng.com,none,none,0,0,net::ERR_CONNECTION_REFUSED at http://jiameng.com,net::ERR_CONNECTION_REFUSED at http://jiameng.com
143,http://bilibili.com,https://www.bilibili.com/,https://www.bilibili.com/,200,200,none,none
144,http://t.me,https://telegram.org/,https://telegram.org/,200,200,none,none
145,http://w3schools.com,https://www.w3schools.com/,https://www.w3schools.com/,200,200,none,none
146,http://theguardian.com,https://www.theguardian.com/international,https://www.theguardian.com/international,200,200,none,none
147,http://ettoday.net,https://www.ettoday.net/,https://www.ettoday.net/,200,200,none,none
148,http://bet9ja.com,https://bet9ja.com/,https://bet9ja.com/,200,200,none,none
149,http://zendesk.com,https://www.zendesk.com/,https://www.zendesk.com/,200,200,none,none
150,http://tokopedia.com,https://www.tokopedia.com/,https://www.tokopedia.com/,200,200,none,none
151,http://tudou.com,https://tudou.com/,https://tudou.com/,200,200,none,none
152,http://zol.com.cn,https://www.zol.com.cn/,https://www.zol.com.cn/,200,200,none,none
153,http://amazon.ca,https://www.amazon.ca/,https://www.amazon.ca/,200,200,none,none
154,http://wellsfargo.com,https://www.wellsfargo.com/,https://www.wellsfargo.com/,200,200,none,none
155,http://speedtest.net,https://www.speedtest.net/,https://www.speedtest.net/,200,200,none,none
156,http://craigslist.org,https://copenhagen.craigslist.org/,https://amsterdam.craigslist.org/,200,200,none,none
157,http://onlinesbi.com,https://www.onlinesbi.com/,https://www.onlinesbi.com/,200,200,none,none
158,http://coinmarketcap.com,https://coinmarketcap.com/,https://coinmarketcap.com/,200,200,none,none
159,http://researchgate.net,https://www.researchgate.net/,https://www.researchgate.net/,200,200,none,none
160,http://wetransfer.com,https://wetransfer.com/,https://wetransfer.com/,200,200,none,none
161,http://digikala.com,none,https://www.digikala.com/,0,200,Navigation timeout of 40000 ms exceeded,none
162,http://mailchimp.com,https://mailchimp.com/,https://mailchimp.com/,200,200,none,none
163,http://mediafire.com,https://www.mediafire.com/,https://www.mediafire.com/,200,200,none,none
164,http://youm7.com,https://www.youm7.com/,https://www.youm7.com/,200,200,none,none
165,http://google.com.tw,https://www.google.com.tw/?gws_rd=ssl,https://www.google.com.tw/?gws_rd=ssl,200,200,none,none
166,http://momoshop.com.tw,https://www.momoshop.com.tw/main/Main.jsp,https://www.momoshop.com.tw/main/Main.jsp,200,200,none,none
167,http://healthline.com,https://www.healthline.com/,https://www.healthline.com/,200,200,none,none
168,http://google.it,https://www.google.it/?gws_rd=ssl,https://www.google.it/?gws_rd=ssl,200,200,none,none
169,http://etoro.com,https://www.etoro.com/,https://www.etoro.com/,200,200,none,none
170,http://varzesh3.com,https://www.varzesh3.com/,https://www.varzesh3.com/,200,200,none,none
171,http://tistory.com,https://www.tistory.com/,https://www.tistory.com/,200,200,none,none
172,http://hotstar.com,https://www.hotstar.com/,https://www.hotstar.com/,200,200,none,none
173,http://chess.com,https://www.chess.com/,https://www.chess.com/,200,200,none,none
174,http://disneyplus.com,https://www.disneyplus.com/en-se,https://www.disneyplus.com/en-nl,200,200,none,none
175,http://ikea.com,https://www.ikea.com/,https://www.ikea.com/,200,200,none,none
176,http://bet365.com,none,none,0,0,Navigation timeout of 40000 ms exceeded,Navigation timeout of 40000 ms exceeded
177,http://manoramaonline.com,https://www.manoramaonline.com/home.html,https://www.manoramaonline.com/home.html,200,200,none,none
178,http://telewebion.com,https://www.telewebion.com/,https://www.telewebion.com/,200,200,none,none
179,http://bestbuy.com,https://www.bestbuy.com/,https://www.bestbuy.com/,200,200,none,none
180,http://ilovepdf.com,https://www.ilovepdf.com/,https://www.ilovepdf.com/,200,200,none,none
181,http://sogou.com,https://www.sogou.com/,https://www.sogou.com/,200,200,none,none
182,http://vimeo.com,https://vimeo.com/,https://vimeo.com/,200,200,none,none
183,http://sq.cn,none,none,0,0,net::ERR_NAME_NOT_RESOLVED at http://sq.cn,net::ERR_NAME_NOT_RESOLVED at http://sq.cn
184,http://hulu.com,https://www.hulu.com/welcome,https://www.hulu.com/welcome,200,200,none,none
185,http://cnet.com,https://www.cnet.com/,https://www.cnet.com/,200,200,none,none
186,http://soso.com,http://soso.com/,http://soso.com/,200,200,none,none
187,http://lazada.sg,https://www.lazada.sg/,https://www.lazada.sg/,200,200,none,none
188,http://google.co.uk,https://www.google.co.uk/?gws_rd=ssl,https://www.google.co.uk/?gws_rd=ssl,200,200,none,none
189,http://homedepot.com,https://www.homedepot.com/,https://www.homedepot.com/,200,403,none,none
190,http://google.com.tr,https://www.google.com.tr/?gws_rd=ssl,https://www.google.com.tr/?gws_rd=ssl,200,200,none,none
191,http://avito.ru,https://www.avito.ru/rossiya,https://www.avito.ru/rossiya,200,200,none,none
192,http://archive.org,https://archive.org/,https://archive.org/,200,200,none,none
193,http://globo.com,https://www.globo.com/,https://www.globo.com/,200,200,none,none
194,http://google.com.mx,https://www.google.com.mx/?gws_rd=ssl,https://www.google.com.mx/?gws_rd=ssl,200,200,none,none
195,http://xnxx.com,https://www.xnxx.com/,https://www.xnxx.com/,200,200,none,none
196,http://trendyol.com,https://www.trendyol.com/,https://www.trendyol.com/,200,200,none,none
197,http://51yes.com,http://51yes.com/,http://51yes.com/,400,400,none,none
198,http://mercari.com,https://www.mercari.com/,https://www.mercari.com/,200,200,none,none
199,http://slideshare.net,https://www.slideshare.net/,https://www.slideshare.net/,200,200,none,none
200,http://deepl.com,https://www.deepl.com/translator,https://www.deepl.com/translator,200,200,none,none
201,http://office365.com,https://www.microsoft.com/sv-se/microsoft-365?ms.url=office365com&rtc=1,https://www.microsoft.com/nl-nl/microsoft-365?ms.url=office365com&rtc=1,200,200,none,none
202,http://ebay.de,https://www.ebay.de/,https://www.ebay.de/,200,200,none,none
203,http://cnnic.cn,http://cnnic.cn/,http://cnnic.cn/,200,200,none,none
204,http://liputan6.com,https://www.liputan6.com/,https://www.liputan6.com/,200,200,none,none
205,http://coursera.org,https://www.coursera.org/,https://www.coursera.org/,200,200,none,none
206,http://fiverr.com,https://www.fiverr.com/,https://www.fiverr.com/,200,200,none,none
207,http://uol.com.br,https://www.uol.com.br/,https://www.uol.com.br/,200,200,none,none
208,http://wikihow.com,https://www.wikihow.com/Main-Page,https://www.wikihow.com/Main-Page,200,200,none,none
209,http://wix.com,https://www.wix.com/,https://www.wix.com/,200,200,none,none
210,http://suara.com,https://suara.com/,https://suara.com/,200,200,none,none
211,http://smallpdf.com,https://smallpdf.com/,https://smallpdf.com/,200,200,none,none
212,http://capitalone.com,https://www.capitalone.com/,https://www.capitalone.com/,200,200,none,none
213,http://washingtonpost.com,https://www.washingtonpost.com/gdpr-consent/?next_url=https%3a%2f%2fwww.washingtonpost.com%2f,https://www.washingtonpost.com/gdpr-consent/?next_url=https%3a%2f%2fwww.washingtonpost.com%2f,200,200,none,none
214,http://hdfcbank.com,https://www.hdfcbank.com/,https://www.hdfcbank.com/,200,200,none,none
215,http://americanexpress.com,https://www.americanexpress.com/sv-se/,https://www.americanexpress.com/nl-nl/,200,200,none,none
216,http://sporx.com,https://www.sporx.com/,https://www.sporx.com/,200,200,none,none
217,http://y2mate.com,https://www.y2mate.com/en68,https://www.y2mate.com/en68,200,200,none,none
218,http://discord.com,https://discord.com/brand-new,https://discord.com/brand-new,200,200,none,none
219,http://ltn.com.tw,https://www.ltn.com.tw/,https://www.ltn.com.tw/,200,200,none,none
220,http://chouftv.ma,https://chouftv.ma/,https://chouftv.ma/,200,200,none,none
221,http://grid.id,https://www.grid.id/,https://www.grid.id/,200,200,none,none
222,http://mozilla.org,https://www.mozilla.org/en-US/,https://www.mozilla.org/en-US/,200,200,none,none
223,http://airbnb.com,https://www.airbnb.com/,https://www.airbnb.com/,200,200,none,none
224,http://yelp.com,https://www.yelp.se/k%C3%B6penhamn-hovedstaden-dk,https://www.yelp.nl/amsterdam,200,200,none,none
225,http://usps.com,https://www.usps.com/,https://www.usps.com/,200,200,none,none
226,http://aliexpress.ru,https://aliexpress.ru/,https://aliexpress.ru/,200,200,none,none
227,http://sciencedirect.com,https://www.sciencedirect.com/,https://www.sciencedirect.com/,200,200,none,none
228,http://flipkart.com,https://www.flipkart.com/,https://www.flipkart.com/,200,200,none,none
229,http://asos.com,https://www.asos.com/,https://www.asos.com/,200,200,none,none
230,http://google.ca,https://www.google.ca/?gws_rd=ssl,https://www.google.ca/?gws_rd=ssl,200,200,none,none
231,http://freepik.com,https://www.freepik.com/,https://www.freepik.com/,200,200,none,none
232,http://get-express-vpn.online,https://get-express-vpn.online/,https://get-express-vpn.online/,200,200,none,none
233,http://quizlet.com,https://quizlet.com/,https://quizlet.com/,200,200,none,none
234,http://behance.net,https://www.behance.net/,https://www.behance.net/,200,200,none,none
235,http://fc2.com,https://fc2.com/,https://fc2.com/,200,200,none,none
236,http://sindonews.com,https://www.sindonews.com/,https://www.sindonews.com/,200,200,none,none
237,http://alibaba.com,https://www.alibaba.com/?__redirected__=1,https://www.alibaba.com/?__redirected__=1,200,200,none,none
238,http://evernote.com,https://evernote.com/,https://evernote.com/,200,200,none,none
239,http://skype.com,https://www.skype.com/en/,https://www.skype.com/en/,200,200,none,none
240,http://ca.gov,https://www.ca.gov/,https://www.ca.gov/,200,200,none,none
241,http://360.com,http://360.com/,http://360.com/,200,200,none,none
242,http://okta.com,https://www.okta.com/,https://www.okta.com/,200,200,none,none
243,http://namnak.com,https://namnak.com/,https://namnak.com/,200,200,none,none
244,http://jianshu.com,none,none,0,0,Navigation timeout of 40000 ms exceeded,Navigation timeout of 40000 ms exceeded
245,http://irs.gov,https://www.irs.gov/,https://www.irs.gov/,200,200,none,none
246,http://target.com,https://www.target.com/,https://www.target.com/,200,200,none,none
247,http://googlevideo.com,https://www.google.com/videohp?gws_rd=ssl,https://www.google.com/videohp?gws_rd=ssl,200,200,none,none
248,http://gmw.cn,https://www.gmw.cn/,https://www.gmw.cn/,200,200,none,none
249,http://op.gg,https://na.op.gg/,https://euw.op.gg/,200,200,none,none
250,http://proiezionidiborsa.it,https://www.proiezionidiborsa.it/,https://www.proiezionidiborsa.it/,200,200,none,none
251,http://wildberries.ru,https://www.wildberries.ru/,https://www.wildberries.ru/,200,200,none,none
252,http://ups.com,https://www.ups.com/us/en/global.page,https://www.ups.com/us/en/global.page,200,200,none,none
253,http://mercadolibre.com.ar,https://www.mercadolibre.com.ar/,https://www.mercadolibre.com.ar/,200,200,none,none
254,http://fidelity.com,https://www.fidelity.com/,https://www.fidelity.com/,200,200,none,none
255,http://sonhoo.com,http://sonhoo.com/,http://sonhoo.com/,503,503,none,none
256,http://ih5.cn,https://www.ih5.cn/not-logged-in,https://www.ih5.cn/not-logged-in,200,200,none,none
257,http://icicibank.com,https://www.icicibank.com/,https://www.icicibank.com/,200,200,none,none
258,http://remove.bg,https://www.remove.bg/,https://www.remove.bg/,200,200,none,none
259,http://aporasal.net,https://adf.ly/,https://adf.ly/,200,200,none,none
260,http://worldometers.info,https://www.worldometers.info/,https://www.worldometers.info/,200,200,none,none
261,http://rezka.ag,https://rezka.ag/,https://rezka.ag/,200,200,none,none
262,http://bukalapak.com,https://www.bukalapak.com/,https://www.bukalapak.com/,200,200,none,none
263,http://amazon.fr,https://www.amazon.fr/,https://www.amazon.fr/,200,200,none,none
264,http://google.co.th,https://www.google.co.th/?gws_rd=ssl,https://www.google.co.th/?gws_rd=ssl,200,200,none,none
265,http://elwatannews.com,https://www.elwatannews.com/,https://www.elwatannews.com/,200,200,none,none
266,http://namu.wiki,https://namu.wiki/w/%EB%82%98%EB%AC%B4%EC%9C%84%ED%82%A4:%EB%8C%80%EB%AC%B8,https://namu.wiki/w/%EB%82%98%EB%AC%B4%EC%9C%84%ED%82%A4:%EB%8C%80%EB%AC%B8,200,200,none,none
267,http://realtor.com,https://www.realtor.com/,https://www.realtor.com/,200,200,none,none
268,http://redfin.com,https://www.redfin.com/,https://www.redfin.com/,200,200,none,none
269,http://weather.com,https://weather.com/?Goto=Redirected,https://weather.com/?Goto=Redirected,200,200,none,none
270,http://shaparak.ir,https://shaparak.ir/,https://shaparak.ir/,200,200,none,none
271,http://blogger.com,https://www.blogger.com/about/?bpli=1,https://www.blogger.com/about/?bpli=1,200,200,none,none
272,http://secureserver.net,https://www.secureserver.net/,https://www.secureserver.net/,404,404,none,none
273,http://cnbc.com,https://www.cnbc.com/world/?region=world,https://www.cnbc.com/world/?region=world,200,200,none,none
274,http://t.co,https://t.co/,https://t.co/,200,200,none,none
275,http://line.me,https://line.me/en/,https://line.me/en/,200,200,none,none
276,http://hepsiburada.com,https://www.hepsiburada.com/,https://www.hepsiburada.com/,200,200,none,none
277,http://in.gr,https://www.in.gr/,https://www.in.gr/,200,200,none,none
278,http://chegg.com,https://www.chegg.com/,https://www.chegg.com/,200,200,none,none
279,http://google.pl,https://www.google.pl/?gws_rd=ssl,https://www.google.pl/?gws_rd=ssl,200,200,none,none
280,http://ask.com,https://www.ask.com/,https://www.ask.com/,200,200,none,none
281,http://kumparan.com,https://kumparan.com/,https://kumparan.com/,200,200,none,none
282,http://bankofamerica.com,https://www.bankofamerica.com/,https://www.bankofamerica.com/,200,200,none,none
283,http://pulzo.com,none,none,0,0,Navigation timeout of 40000 ms exceeded,net::ERR_CONNECTION_TIMED_OUT at http://pulzo.com
284,http://redd.it,https://www.reddit.com/,https://www.reddit.com/,200,200,none,none
285,http://blackboard.com,https://www.blackboard.com/,https://www.blackboard.com/,200,200,none,none
286,http://hp.com,https://www8.hp.com/se/sv/home.html,https://www8.hp.com/nl/nl/home.html,200,200,none,none
287,http://google.com.sa,https://www.google.com.sa/?gws_rd=ssl,https://www.google.com.sa/?gws_rd=ssl,200,200,none,none
288,http://videocampaign.co,http://videocampaign.co/,http://videocampaign.co/,200,200,none,none
289,http://dspultra.com,http://dspultra.com/,http://dspultra.com/,404,404,none,none
290,http://mercadolivre.com.br,https://www.mercadolivre.com.br/,https://www.mercadolivre.com.br/,200,200,none,none
291,http://google.com.ar,https://www.google.com.ar/?gws_rd=ssl,https://www.google.com.ar/?gws_rd=ssl,200,200,none,none
292,http://tripadvisor.com,https://www.tripadvisor.com/,https://www.tripadvisor.com/,200,200,none,none
293,http://geeksforgeeks.org,none,none,0,0,net::ERR_CONNECTION_REFUSED at http://geeksforgeeks.org,net::ERR_CONNECTION_REFUSED at http://geeksforgeeks.org
294,http://iqbroker.com,https://eu.iqoption.com/se,https://eu.iqoption.com/en,200,200,none,none
295,http://gismeteo.ru,https://www.gismeteo.ru/,https://www.gismeteo.ru/,200,200,none,none
296,http://dailymotion.com,https://www.dailymotion.com/us,https://www.dailymotion.com/us,200,200,none,none
297,http://thepiratebay.org,https://thepiratebay.org/index.html,none,200,0,none,net::ERR_NAME_NOT_RESOLVED at http://thepiratebay.org
298,http://gate.io,https://www.gate.io/,https://www.gate.io/,200,200,none,none
299,http://liansuo.com,none,none,0,0,net::ERR_NAME_NOT_RESOLVED at http://liansuo.com,net::ERR_NAME_NOT_RESOLVED at http://liansuo.com
300,http://totalnicestories.com,https://totalnicestories.com/,https://totalnicestories.com/,200,200,none,none
301,http://amazon.it,https://www.amazon.it/,https://www.amazon.it/,200,200,none,none
302,http://scribd.com,https://www.scribd.com/,https://www.scribd.com/,200,200,none,none
303,http://merdeka.com,https://www.merdeka.com/,https://www.merdeka.com/,200,200,none,none
304,http://dailymail.co.uk,https://www.dailymail.co.uk/home/index.html,https://www.dailymail.co.uk/home/index.html,200,200,none,none
305,http://spankbang.com,https://spankbang.com/,https://spankbang.com/,200,200,none,none
306,http://squarespace.com,https://www.squarespace.com/,https://www.squarespace.com/,200,200,none,none
307,http://kapanlagi.com,https://www.kapanlagi.com/,https://www.kapanlagi.com/,200,200,none,none
308,http://padlet.com,https://padlet.com/,https://padlet.com/,200,200,none,none
309,http://google.com.eg,https://www.google.com.eg/?gws_rd=ssl,https://www.google.com.eg/?gws_rd=ssl,200,200,none,none
310,http://360doc.com,http://www.360doc.com/index.html,none,200,0,none,net::ERR_CONNECTION_REFUSED at http://360doc.com
311,http://ndtv.com,https://www.ndtv.com/,https://www.ndtv.com/,200,200,none,none
312,http://metropoles.com,https://www.metropoles.com/,https://www.metropoles.com/,200,200,none,none
313,http://shein.com,https://www.shein.se/?ref=www&rep=dir&ret=se,https://eur.shein.com/?ref=www&rep=dir&ret=eur,200,200,none,none
314,http://citi.com,https://www.citi.com/,https://www.citi.com/,200,200,none,none
315,http://reverso.net,https://www.reverso.net/text_translation.aspx?lang=EN,https://www.reverso.net/text_translation.aspx?lang=EN,200,200,none,none
316,http://foxnews.com,https://www.foxnews.com/,https://www.foxnews.com/,200,200,none,none
317,http://patreon.com,https://www.patreon.com/,https://www.patreon.com/,200,200,none,none
318,http://taboola.com,https://www.taboola.com/,https://www.taboola.com/,200,200,none,none
319,http://setn.com,https://www.setn.com/,https://www.setn.com/,200,200,none,none
320,http://bloomberg.com,https://www.bloomberg.com/europe,https://www.bloomberg.com/europe,200,200,none,none
321,http://aol.com,https://www.aol.com/?guccounter=1,https://www.aol.com/?guccounter=1,200,200,none,none
322,http://zerodha.com,https://zerodha.com/,https://zerodha.com/,200,200,none,none
323,http://ebay.co.uk,https://www.ebay.co.uk/,https://www.ebay.co.uk/,200,200,none,none
324,http://wordpress.org,https://wordpress.org/,https://wordpress.org/,200,200,none,none
325,http://coinbase.com,https://www.coinbase.com/,https://www.coinbase.com/,200,200,none,none
326,http://focus.cn,https://house.focus.cn/,https://house.focus.cn/,200,200,none,none
327,http://dribbble.com,https://dribbble.com/,https://dribbble.com/,200,200,none,none
328,http://orange.fr,https://www.orange.fr/portail,https://www.orange.fr/portail,200,200,none,none
329,http://donya-e-eqtesad.com,https://donya-e-eqtesad.com/,https://donya-e-eqtesad.com/,200,200,none,none
330,http://hbomax.com,https://www.hbomax.com/,https://www.hbomax.com/,200,200,none,none
331,http://wikimedia.org,https://www.wikimedia.org/,https://www.wikimedia.org/,200,200,none,none
332,http://amazon.com.mx,https://www.amazon.com.mx/,https://www.amazon.com.mx/,200,200,none,none
333,http://oschina.net,https://www.oschina.net/,https://www.oschina.net/,200,200,none,none
334,http://twimg.com,none,none,0,0,net::ERR_NAME_NOT_RESOLVED at http://twimg.com,net::ERR_NAME_NOT_RESOLVED at http://twimg.com
335,http://thestartmagazine.com,http://thestartmagazine.com/feed/summary,http://thestartmagazine.com/feed/summary,200,200,none,none
336,http://idntimes.com,https://www.idntimes.com/,https://www.idntimes.com/,200,200,none,none
337,http://themeforest.net,https://themeforest.net/,https://themeforest.net/,200,200,none,none
338,http://nicovideo.jp,https://www.nicovideo.jp/,https://www.nicovideo.jp/,200,503,none,none
339,http://indiamart.com,https://www.indiamart.com/,https://www.indiamart.com/,200,200,none,none
340,http://draken.exchange,https://draken.exchange/swap/btc/drk,https://draken.exchange/swap/btc/drk,200,200,none,none
341,http://cloudfront.net,none,none,0,0,net::ERR_NAME_NOT_RESOLVED at http://cloudfront.net,net::ERR_NAME_NOT_RESOLVED at http://cloudfront.net
342,http://kakao.com,https://www.kakaocorp.com/,https://www.kakaocorp.com/,200,200,none,none
343,http://crunchyroll.com,https://www.crunchyroll.com/,https://www.crunchyroll.com/,200,200,none,none
344,http://qoo10.sg,https://www.qoo10.sg/?__ar=Y,https://www.qoo10.sg/?__ar=Y,200,200,none,none
345,http://pinimg.com,https://www.pinterest.com/,https://www.pinterest.com/,200,200,none,none
346,http://livescore.com,https://www.livescore.com/en/,https://www.livescore.com/en/,200,200,none,none
347,http://binance.us,https://www.binance.us/en/home,https://www.binance.us/en/home,200,200,none,none
348,http://clickpost.jp,https://clickpost.jp/,https://clickpost.jp/,200,200,none,none
349,http://sahibinden.com,https://secure.sahibinden.com/login?frgn=true,https://secure.sahibinden.com/login?frgn=true,200,200,none,none
350,http://nike.com,https://www.nike.com/se/en/,https://www.nike.com/nl/en/,200,200,none,none
351,http://tencent.com,http://tencent.com/,none,404,0,none,Navigation timeout of 40000 ms exceeded
352,http://iyiou.com,https://www.iyiou.com/,https://www.iyiou.com/,200,200,none,none
353,http://albawabhnews.com,https://www.albawabhnews.com/,https://www.albawabhnews.com/,200,200,none,none
354,http://rt.com,https://www.rt.com/,https://www.rt.com/,200,200,none,none
355,http://58.com,https://bj.58.com/,https://bj.58.com/,200,200,none,none
356,http://ozon.ru,https://www.ozon.ru/,https://www.ozon.ru/,200,200,none,none
357,http://shopee.co.id,https://shopee.co.id/,https://shopee.co.id/,200,200,none,none
358,http://babyschool.com.cn,none,none,0,0,net::ERR_NAME_NOT_RESOLVED at http://babyschool.com.cn,net::ERR_NAME_NOT_RESOLVED at http://babyschool.com.cn
359,http://rctiplus.com,https://www.rctiplus.com/,https://www.rctiplus.com/,200,200,none,none
360,http://freelancer.com,https://www.freelancer.com/,https://www.freelancer.com/,200,200,none,none
361,http://wayfair.com,https://www.wayfair.com/,https://www.wayfair.com/,200,200,none,none
362,http://goodreads.com,https://www.goodreads.com/,https://www.goodreads.com/,200,200,none,none
363,http://gosuslugi.ru,https://www.gosuslugi.ru/,https://www.gosuslugi.ru/,200,200,none,none
364,http://creditkarma.com,https://www.creditkarma.com/,https://www.creditkarma.com/,200,200,none,none
365,http://eghtesadnews.com,https://www.eghtesadnews.com/,https://www.eghtesadnews.com/,200,200,none,none
366,http://yts.mx,https://yts.mx/,https://yts.mx/,200,200,none,none
367,http://utorrent.com,https://www.utorrent.com/,https://www.utorrent.com/,200,200,none,none
368,http://mlb.com,https://www.mlb.com/,https://www.mlb.com/,200,200,none,none
369,http://allegro.pl,https://allegro.pl/,https://allegro.pl/,403,403,none,none
370,http://google.co.id,https://www.google.co.id/?gws_rd=ssl,https://www.google.co.id/?gws_rd=ssl,200,200,none,none
371,http://laodong.vn,https://laodong.vn/,https://laodong.vn/,200,200,none,none
372,http://fast.com,https://fast.com/,https://fast.com/,200,200,none,none
373,http://canada.ca,https://www.canada.ca/home.html,https://www.canada.ca/home.html,200,200,none,none
374,http://onlyfans.com,https://onlyfans.com/,https://onlyfans.com/,200,200,none,none
375,http://runoob.com,https://www.runoob.com/,https://www.runoob.com/,200,200,none,none
376,http://coursehero.com,https://www.coursehero.com/,https://www.coursehero.com/,200,200,none,none
377,http://flickr.com,https://flickr.com/,https://flickr.com/,200,200,none,none
378,http://weebly.com,https://www.weebly.com/,https://www.weebly.com/,200,200,none,none
379,http://namasha.com,https://www.namasha.com/,https://www.namasha.com/,200,200,none,none
380,http://clickbank.com,https://www.clickbank.com/,https://www.clickbank.com/,200,200,none,none
381,http://xfinity.com,https://www.xfinity.com/,https://www.xfinity.com/,200,200,none,none
382,http://lowes.com,https://www.lowes.com/,https://www.lowes.com/,200,200,none,none
383,http://rambler.ru,https://www.rambler.ru/,https://www.rambler.ru/,200,200,none,none
384,http://9gag.com,https://9gag.com/,https://9gag.com/,200,200,none,none
385,http://costco.com,https://www.costco.com/,https://www.costco.com/,200,200,none,none
386,http://rutracker.org,http://rutracker.org/forum/index.php,http://rutracker.org/forum/index.php,200,200,none,none
387,http://divar.ir,https://divar.ir/,https://divar.ir/,200,200,none,none
388,http://trustpilot.com,https://www.trustpilot.com/,https://www.trustpilot.com/,200,200,none,none
389,http://samsung.com,https://www.samsung.com/se/,https://www.samsung.com/nl/,200,200,none,none
390,http://dbs.com.sg,https://www.dbs.com.sg/index/default.page,https://www.dbs.com.sg/index/default.page,200,200,none,none
391,http://chinanetrank.com,http://chinanetrank.com/,http://chinanetrank.com/,200,200,none,none
392,http://shimo.im,none,none,0,0,Navigation timeout of 40000 ms exceeded,Navigation timeout of 40000 ms exceeded
393,http://uptodown.com,https://en.uptodown.com/mac,https://en.uptodown.com/mac,,,none,none
394,http://cnnindonesia.com,https://www.cnnindonesia.com/,https://www.cnnindonesia.com/,200,200,none,none
395,http://deviantart.com,https://www.deviantart.com/,https://www.deviantart.com/,200,200,none,none
396,http://dell.com,https://www.dell.com/sv-se,https://www.dell.com/nl-nl,200,200,none,none
397,http://immunepine.com,https://www.google.com/,https://www.google.com/,200,200,none,none
398,http://td.com,https://www.td.com/ca/en/about-td/,https://www.td.com/ca/en/about-td/,200,200,none,none
399,http://hootsuite.com,https://www.hootsuite.com/,https://www.hootsuite.com/,200,200,none,none
400,http://lenta.ru,https://lenta.ru/,https://lenta.ru/,200,200,none,none
401,http://thesaurus.com,https://www.thesaurus.com/,https://www.thesaurus.com/,200,200,none,none
402,http://ameblo.jp,https://ameblo.jp/,https://ameblo.jp/,200,200,none,none
403,http://gusuwang.com,http://www.gusuwang.com/,http://www.gusuwang.com/,200,200,none,none
404,http://jigsawthirsty.com,https://www.google.com/,https://www.google.com/,200,200,none,none
405,http://mxc.com,https://www.mxc.com/,https://www.mxc.com/,200,200,none,none
406,http://sourceforge.net,https://sourceforge.net/,https://sourceforge.net/,200,200,none,none
407,http://sberbank.ru,https://www.sberbank.ru/ru/person,https://www.sberbank.ru/ru/person,200,200,none,none
408,http://house365.com,http://www.house365.com/,http://www.house365.com/,200,200,none,none
409,http://brilio.net,https://www.brilio.net/,https://www.brilio.net/,200,200,none,none
410,http://deeperindoorsrestriction.com,https://www.google.com/,https://www.google.com/,200,200,none,none
411,http://reuters.com,https://www.reuters.com/,https://www.reuters.com/,200,200,none,none
412,http://zhibo8.cc,https://www.zhibo8.cc/index.html,https://www.zhibo8.cc/index.html,200,200,none,none
413,http://academia.edu,https://www.academia.edu/,https://www.academia.edu/,200,200,none,none
414,http://marca.com,https://www.marca.com/,https://www.marca.com/,200,200,none,none
415,http://wartaekonomi.co.id,https://wartaekonomi.co.id/,https://wartaekonomi.co.id/,200,200,none,none
416,http://moneycontrol.com,https://www.moneycontrol.com/,https://www.moneycontrol.com/,200,200,none,none
417,http://ninisite.com,https://www.ninisite.com/,https://www.ninisite.com/,200,200,none,none
418,http://amazon.es,https://www.amazon.es/,https://www.amazon.es/,200,200,none,none
419,http://1337x.to,https://1337x.to/,https://1337x.to/,200,200,none,none
420,http://quora.com,https://www.quora.com/,https://nl.quora.com/,200,200,none,none
421,http://wsj.com,https://www.wsj.com/,https://www.wsj.com/,200,200,none,none
422,http://shippingchina.com,http://shippingchina.com/,http://shippingchina.com/,200,200,none,none
423,http://google.com.au,https://www.google.com.au/?gws_rd=ssl,https://www.google.com.au/?gws_rd=ssl,200,200,none,none
424,http://payoneer.com,https://www.payoneer.com/,https://www.payoneer.com/,200,200,none,none
425,http://shopee.com.my,https://shopee.com.my/,https://shopee.com.my/,200,200,none,none
426,http://genius.com,https://genius.com/,https://genius.com/,200,200,none,none
427,http://hostgator.com,https://www.hostgator.com/,https://www.hostgator.com/,200,200,none,none
428,http://messenger.com,https://www.messenger.com/,https://www.messenger.com/,200,200,none,none
429,http://calendly.com,https://calendly.com/,https://calendly.com/,200,200,none,none
430,http://naukri.com,https://www.naukri.com/,https://www.naukri.com/,200,200,none,none
431,http://google.az,https://www.google.az/?gws_rd=ssl,https://www.google.az/?gws_rd=ssl,200,200,none,none
432,http://jpnn.com,https://www.jpnn.com/,https://www.jpnn.com/,200,200,none,none
433,http://agacelebir.com,http://agacelebir.com/,http://agacelebir.com/,200,200,none,none
434,http://ouedkniss.com,https://www.ouedkniss.com/,https://www.ouedkniss.com/,200,200,none,none
435,http://macys.com,https://www.macys.com/,https://www.macys.com/,200,200,none,none
436,http://tutorialspoint.com,https://www.tutorialspoint.com/index.htm,https://www.tutorialspoint.com/index.htm,200,200,none,none
437,http://leboncoin.fr,https://www.leboncoin.fr/,https://www.leboncoin.fr/,200,200,none,none
438,http://it168.com,http://www.it168.com/,http://www.it168.com/,200,200,none,none
439,http://ebay-kleinanzeigen.de,https://www.ebay-kleinanzeigen.de/,https://www.ebay-kleinanzeigen.de/,200,200,none,none
440,http://cambridge.org,https://www.cambridge.org/,https://www.cambridge.org/,200,200,none,none
441,http://akamaized.net,none,none,0,0,net::ERR_NAME_NOT_RESOLVED at http://akamaized.net,net::ERR_NAME_NOT_RESOLVED at http://akamaized.net
442,http://shopee.tw,https://shopee.tw/,https://shopee.tw/,200,200,none,none
443,http://feedly.com,https://feedly.com/,https://feedly.com/,200,200,none,none
444,http://as.com,https://as.com/,https://as.com/,200,200,none,none
445,http://web.de,https://web.de/consent-management/,https://web.de/?origin=lpc,200,200,none,none
446,http://dmm.co.jp,http://www.dmm.co.jp/,http://www.dmm.co.jp/,200,200,none,none
447,http://webmd.com,https://www.webmd.com/,https://www.webmd.com/,200,200,none,none
448,http://1stepdownload.com,https://1stepdownload.com/,https://1stepdownload.com/,200,200,none,none
449,http://ensonhaber.com,https://www.ensonhaber.com/,https://www.ensonhaber.com/,200,200,none,none
450,http://5lux.com,http://5lux.com/user/login,http://5lux.com/user/login,200,200,none,none
451,http://nobitex.ir,https://nobitex.ir/,https://nobitex.ir/,200,200,none,none
452,http://ibicn.com,http://www.ibicn.com/,http://www.ibicn.com/,200,200,none,none
453,http://dcard.tw,https://www.dcard.tw/f,https://www.dcard.tw/f,200,200,none,none
454,http://softonic.com,https://en.softonic.com/,https://www.softonic.nl/,200,200,none,none
455,http://news18.com,https://www.news18.com/,https://www.news18.com/,200,200,none,none
456,http://sentphysically.com,https://www.google.com/,https://www.google.com/,200,200,none,none
457,http://springer.com,https://www.springer.com/gp,https://www.springer.com/gp,200,200,none,none
458,http://forbes.com,https://www.forbes.com/,https://www.forbes.com/,200,200,none,none
459,http://ytmp3.cc,https://ytmp3.cc/youtube-to-mp3/,https://ytmp3.cc/youtube-to-mp3/,200,200,none,none
460,http://cnbeta.com,https://www.cnbeta.com/,https://www.cnbeta.com/,200,200,none,none
461,http://att.com,https://www.att.com/,https://www.att.com/,200,200,none,none
462,http://indianexpress.com,https://indianexpress.com/,https://indianexpress.com/,200,200,none,none
463,http://vnexpress.net,https://vnexpress.net/,https://vnexpress.net/,200,200,none,none
464,http://seznam.cz,https://www.seznam.cz/,https://www.seznam.cz/,200,200,none,none
465,http://ria.ru,https://ria.ru/,https://ria.ru/,200,200,none,none
466,http://nordstrom.com,https://www.nordstrom.com/,https://www.nordstrom.com/,200,200,none,none
467,http://w3school.com.cn,https://www.w3school.com.cn/,https://www.w3school.com.cn/,200,200,none,none
468,http://huaban.com,https://huaban.com/,https://huaban.com/,200,200,none,none
469,http://expedia.com,https://www.expedia.com/,https://www.expedia.com/,200,200,none,none
470,http://wise.com,https://wise.com/,https://wise.com/,200,200,none,none
471,http://medicalnewstoday.com,https://www.medicalnewstoday.com/,https://www.medicalnewstoday.com/,200,200,none,none
472,http://popbyepenthouse.com,https://www.google.com/,https://www.google.com/,200,200,none,none
473,http://bp.blogspot.com,none,none,0,0,net::ERR_NAME_NOT_RESOLVED at http://bp.blogspot.com,net::ERR_NAME_NOT_RESOLVED at http://bp.blogspot.com
474,http://breitbart.com,https://www.breitbart.com/,https://www.breitbart.com/,200,200,none,none
475,http://crowdworks.jp,https://crowdworks.jp/,https://crowdworks.jp/,200,200,none,none
476,http://tv9marathi.com,https://www.tv9marathi.com/,https://www.tv9marathi.com/,200,200,none,none
477,http://gsmarena.com,https://www.gsmarena.com/,https://www.gsmarena.com/,200,200,none,none
478,http://4px.com,https://www.4px.com/view/index.html,https://www.4px.com/view/index.html,200,200,none,none
479,http://filimo.com,https://www.filimo.com/,https://www.filimo.com/,200,200,none,none
480,http://btctrademart.com,https://btctrademart.com/,https://btctrademart.com/,200,200,none,none
481,http://iqiyi.com,https://www.iqiyi.com/,https://www.iqiyi.com/,200,200,none,none
482,http://iobit.com,https://www.macbooster.net/,https://www.macbooster.net/,200,200,none,none
483,http://gtmetrix.com,https://gtmetrix.com/,https://gtmetrix.com/,200,200,none,none
484,http://banvenez.com,none,none,0,0,net::ERR_NAME_NOT_RESOLVED at http://banvenez.com,net::ERR_NAME_NOT_RESOLVED at http://banvenez.com
485,http://hurriyet.com.tr,https://www.hurriyet.com.tr/,https://www.hurriyet.com.tr/,200,200,none,none
486,http://google.com.vn,https://www.google.com.vn/?gws_rd=ssl,https://www.google.com.vn/?gws_rd=ssl,200,200,none,none
487,http://glassdoor.com,https://www.glassdoor.com/index.htm,https://www.glassdoor.nl/index.htm?countryRedirect=true,200,200,none,none
488,http://note.com,https://note.com/,https://note.com/,200,200,none,none
489,http://stocksblogs.com,https://stocksblogs.com/,https://stocksblogs.com/,404,404,none,none
490,http://marketwatch.com,https://www.marketwatch.com/,https://www.marketwatch.com/,200,200,none,none
491,http://n11.com,https://www.n11.com/,https://www.n11.com/,200,200,none,none
492,http://formula1.com,https://www.formula1.com/,https://www.formula1.com/,200,200,none,none
493,http://patch.com,https://patch.com/,https://patch.com/,200,200,none,none
494,http://adp.com,https://www.adp.com/,https://www.adp.com/,200,200,none,none
495,http://mit.edu,https://web.mit.edu/,https://web.mit.edu/,200,200,none,none
496,http://aajtak.in,https://www.aajtak.in/,https://www.aajtak.in/,200,200,none,none
497,http://ivi.ru,https://www.ivi.tv/,https://www.ivi.tv/,200,200,none,none
498,http://wattpad.com,https://www.wattpad.com/,https://www.wattpad.com/,200,200,none,none
499,http://go.com,http://go.com/,http://go.com/,200,200,none,none
500,http://rottentomatoes.com,https://www.rottentomatoes.com/,https://www.rottentomatoes.com/,200,200,none,none
501,http://stainspun.com,https://www.google.com/,https://www.google.com/,200,200,none,none
502,http://alodokter.com,https://www.alodokter.com/,https://www.alodokter.com/,200,200,none,none
503,http://google.gr,https://www.google.gr/?gws_rd=ssl,https://www.google.gr/?gws_rd=ssl,200,200,none,none
504,http://verizon.com,https://www.verizon.com/,https://www.verizon.com/,200,200,none,none
505,http://ebay.com.au,https://www.ebay.com.au/,https://www.ebay.com.au/,200,200,none,none
506,http://heavy.com,https://heavy.com/,https://heavy.com/,200,200,none,none
507,http://ign.com,https://nordic.ign.com/,https://nl.ign.com/,200,200,none,none
508,http://chaduo.com,http://chaduo.com/,http://chaduo.com/,404,404,none,none
509,http://youporn.com,https://www.youporn.com/,https://www.youporn.com/,200,200,none,none
510,http://olx.ua,https://www.olx.ua/,https://www.olx.ua/,200,200,none,none
511,http://livejournal.com,https://www.livejournal.com/,https://www.livejournal.com/,200,200,none,none
512,http://prothomalo.com,https://www.prothomalo.com/,https://www.prothomalo.com/,200,200,none,none
513,http://turkiye.gov.tr,https://www.turkiye.gov.tr/,https://www.turkiye.gov.tr/,200,200,none,none
514,http://snarlleadenpsychology.com,https://www.google.com/,https://www.google.com/,200,200,none,none
515,http://torob.com,https://torob.com/,https://torob.com/,200,200,none,none
516,http://elpais.com,https://elpais.com/,https://elpais.com/,200,200,none,none
517,http://bluehost.com,https://www.bluehost.com/,https://www.bluehost.com/,200,200,none,none
518,http://duolingo.com,https://www.duolingo.com/,https://www.duolingo.com/,200,200,none,none
519,http://google.co.kr,https://www.google.co.kr/?gws_rd=ssl,https://www.google.co.kr/?gws_rd=ssl,200,200,none,none
520,http://cloudflare.com,https://www.cloudflare.com/,https://www.cloudflare.com/,200,200,none,none
521,http://cnad.com,http://cnad.com/,http://cnad.com/,200,200,none,none
522,http://google.com.ua,https://www.google.com.ua/?gws_rd=ssl,https://www.google.com.ua/?gws_rd=ssl,200,200,none,none
523,http://prnt.sc,https://prnt.sc/,https://prnt.sc/,200,200,none,none
524,http://borna.news,https://www.borna.news/,https://www.borna.news/,200,200,none,none
525,http://upwork.com,https://www.upwork.com/,https://www.upwork.com/,200,200,none,none
526,http://hm.com,https://www.hm.com/entrance.ahtml?orguri=%2F,https://www.hm.com/entrance.ahtml?orguri=%2F,200,200,none,none
527,http://bola.com,https://www.bola.com/,https://www.bola.com/,200,200,none,none
528,http://ladbible.com,https://www.ladbible.com/,https://www.ladbible.com/,200,200,none,none
529,http://outbrain.com,https://www.outbrain.com/,https://www.outbrain.com/,200,200,none,none
530,http://schwab.com,https://www.schwab.com/,https://www.schwab.com/,200,200,none,none
531,http://dianping.com,http://www.dianping.com/,http://www.dianping.com/,200,200,none,none
532,http://psychologywoman.com,https://www.google.com/,https://www.google.com/,200,200,none,none
533,http://cupidrecession.com,https://www.google.com/,https://www.google.com/,200,200,none,none
534,http://wish.com,https://www.wish.com/,https://www.wish.com/,200,200,none,none
535,http://ebc.net.tw,https://ebc.net.tw/,https://ebc.net.tw/,200,200,none,none
536,http://meituan.com,https://www.meituan.com/,https://www.meituan.com/,200,200,none,none
537,http://cdc.gov,https://www.cdc.gov/,https://www.cdc.gov/,200,200,none,none
538,http://alimama.com,https://www.alimama.com/index.htm,https://www.alimama.com/index.htm,200,200,none,none
539,http://elbalad.news,https://www.elbalad.news/,https://www.elbalad.news/,200,200,none,none
540,http://jawapos.com,https://www.jawapos.com/,https://www.jawapos.com/,200,200,none,none
541,http://eksisozluk.com,https://eksisozluk.com/,https://eksisozluk.com/,200,200,none,none
542,http://usatoday.com,https://eu.usatoday.com/,https://eu.usatoday.com/,200,200,none,none
543,http://258.com,http://www.258.com/,http://www.258.com/,200,200,none,none
544,http://mileroticos.com,https://www.mileroticos.com/,https://www.mileroticos.com/,200,200,none,none
545,http://shareasale.com,https://www.shareasale.com/info/,https://www.shareasale.com/info/,200,200,none,none
546,http://opensea.io,https://opensea.io/,https://opensea.io/,200,200,none,none
547,http://buzzfeed.com,https://www.buzzfeed.com/,https://www.buzzfeed.com/,200,200,none,none
548,http://fedex.com,https://www.fedex.com/global/choose-location.html,https://www.fedex.com/global/choose-location.html,200,200,none,none
549,http://ribunews.com,http://ribunews.com/,http://ribunews.com/,200,200,none,none
550,http://abs-cbn.com,https://www.abs-cbn.com/,https://www.abs-cbn.com/,200,200,none,none
551,http://arzdigital.com,https://arzdigital.com/,https://arzdigital.com/,200,200,none,none
552,http://elsevier.com,https://www.elsevier.com/,https://www.elsevier.com/,200,200,none,none
553,http://shopee.co.th,https://shopee.co.th/,https://shopee.co.th/,200,200,none,none
554,http://pixiv.net,https://www.pixiv.net/en/,https://www.pixiv.net/en/,200,200,none,none
555,http://kakaku.com,https://kakaku.com/,https://kakaku.com/,200,200,none,none
556,http://wiley.com,https://www.wiley.com/en-se,https://www.wiley.com/en-nl,200,200,none,none
557,http://ecer.com,https://www.ecer.com/,https://www.ecer.com/,200,200,none,none
558,http://biobiochile.cl,https://www.biobiochile.cl/,https://www.biobiochile.cl/,200,200,none,none
559,http://patria.org.ve,https://www.patria.org.ve/login,https://mantenimiento.patria.org.ve/,200,200,none,none
560,http://tv9telugu.com,https://tv9telugu.com/,https://tv9telugu.com/,200,200,none,none
561,http://trontv.com,https://trontv.com/#!/,https://trontv.com/#!/,200,200,none,none
562,http://steamcommunity.com,https://steamcommunity.com/,https://steamcommunity.com/,200,200,none,none
563,http://huim.com,http://www.huim.com/,http://www.huim.com/,200,200,none,none
564,http://epicgames.com,https://www.epicgames.com/store/en-US/,https://www.epicgames.com/store/en-US/,200,200,none,none
565,http://youku.com,https://youku.com/,https://youku.com/,200,200,none,none
566,http://seekingalpha.com,https://seekingalpha.com/,https://seekingalpha.com/,200,200,none,none
567,http://shamelesseagleheadstone.com,https://www.google.com/,https://www.google.com/,200,200,none,none
568,http://livedoor.jp,http://www.livedoor.com/,http://www.livedoor.com/,200,200,none,none
569,http://theepochtimes.com,https://www.theepochtimes.com/,https://www.theepochtimes.com/,200,200,none,none
570,http://flashscore.com,https://www.flashscore.com/,https://www.flashscore.com/,200,200,none,none
571,http://91jm.com,none,none,0,0,net::ERR_CONNECTION_REFUSED at http://91jm.com,net::ERR_CONNECTION_REFUSED at http://91jm.com
572,http://zoho.com,https://www.zoho.com/,https://www.zoho.com/,200,200,none,none
573,http://ameritrade.com,https://www.tdameritrade.com/home.html,https://www.tdameritrade.com/home.html,200,200,none,none
574,http://eatthis.com,https://www.eatthis.com/,https://www.eatthis.com/,200,200,none,none
575,http://pngtree.com,https://pngtree.com/,https://pngtree.com/,200,200,none,none
576,http://skroutz.gr,https://www.skroutz.gr/,https://www.skroutz.gr/,200,200,none,none
577,http://mathrubhumi.com,https://www.mathrubhumi.com/,https://www.mathrubhumi.com/,200,200,none,none
578,http://newegg.com,https://www.newegg.com/,https://www.newegg.com/,200,,none,none
579,http://gmx.net,https://www.gmx.net/consent-management/,https://www.gmx.net/?origin=lpc,200,200,none,none
580,http://tgju.org,https://www.tgju.org/,https://www.tgju.org/,200,200,none,none
581,http://yt1s.com,https://yt1s.com/en5,https://yt1s.com/en5,200,200,none,none
582,http://discordapp.com,https://discord.com/brand-new,https://discord.com/brand-new,200,200,none,none
583,http://onet.pl,https://www.onet.pl/,https://www.onet.pl/,200,200,none,none
584,http://bhphotovideo.com,https://www.bhphotovideo.com/,https://www.bhphotovideo.com/,200,200,none,none
585,http://google.co.ve,https://www.google.co.ve/?gws_rd=ssl,https://www.google.co.ve/?gws_rd=ssl,200,200,none,none
586,http://nhk.or.jp,none,none,0,0,net::ERR_NAME_NOT_RESOLVED at http://nhk.or.jp,net::ERR_NAME_NOT_RESOLVED at http://nhk.or.jp
587,http://premierleague.com,https://www.premierleague.com/,https://www.premierleague.com/,200,200,none,none
588,http://eghtesadonline.com,https://www.eghtesadonline.com/,https://www.eghtesadonline.com/,200,200,none,none
589,http://statista.com,https://www.statista.com/,https://www.statista.com/,200,200,none,none
590,http://coingecko.com,https://www.coingecko.com/en,https://www.coingecko.com/en,200,200,none,none
591,http://onmarshtompor.com,http://onmarshtompor.com/,http://onmarshtompor.com/,200,200,none,none
592,http://gmanetwork.com,https://www.gmanetwork.com/,https://www.gmanetwork.com/,200,200,none,none
593,http://payu.in,https://payu.in/,https://payu.in/,200,200,none,none
594,http://techcrunch.com,https://techcrunch.com/?guccounter=1,https://techcrunch.com/?guccounter=1,200,200,none,none
595,http://pcbaby.com.cn,https://www.pcbaby.com.cn/,https://www.pcbaby.com.cn/,200,200,none,none
596,http://stripchat.com,https://stripchat.com/,https://stripchat.com/,200,200,none,none
597,http://brainly.com.br,https://brainly.com.br/,https://brainly.com.br/,200,200,none,none
598,http://pixabay.com,https://pixabay.com/,https://pixabay.com/,200,200,none,none
599,http://iweihai.cn,http://iweihai.cn/,http://iweihai.cn/,200,200,none,none
600,http://gogoanime.ai,https://www1.gogoanime.ai/,https://www1.gogoanime.ai/,200,200,none,none
601,http://europa.eu,https://europa.eu/,https://europa.eu/,200,200,none,none
602,http://plandiscriminationtakeout.com,https://www.google.com/,https://www.google.com/,200,200,none,none
603,http://nypost.com,https://nypost.com/,https://nypost.com/,200,200,none,none
604,http://fool.com,https://www.fool.com/,https://www.fool.com/,200,200,none,none
605,http://yoox.com,https://www.yoox.com/se,https://www.yoox.com/nl,200,200,none,none
606,http://9384.com,none,none,0,0,net::ERR_NAME_NOT_RESOLVED at http://9384.com,net::ERR_NAME_NOT_RESOLVED at http://9384.com
607,http://emalls.ir,https://emalls.ir/,https://emalls.ir/,200,200,none,none
608,http://indiatoday.in,https://www.indiatoday.in/,https://www.indiatoday.in/,200,200,none,none
609,http://ea.com,https://www.ea.com/,https://www.ea.com/,200,200,none,none
610,http://xabbs.com,https://www.xabbs.com/,https://www.xabbs.com/,200,200,none,none
611,http://indodax.com,https://indodax.com/,https://indodax.com/,200,200,none,none
612,http://discover.com,https://www.discover.com/,https://www.discover.com/,200,200,none,none
613,http://rbc.ru,https://www.rbc.ru/,https://www.rbc.ru/,200,200,none,none
614,http://ultimate-guitar.com,https://www.ultimate-guitar.com/,https://www.ultimate-guitar.com/,200,200,none,none
615,http://wowhead.com,https://www.wowhead.com/,https://www.wowhead.com/,200,200,none,none
616,http://xiaohongshu.com,https://www.xiaohongshu.com/,https://www.xiaohongshu.com/,200,200,none,none
617,http://eluniverso.com,https://www.eluniverso.com/,https://www.eluniverso.com/,200,200,none,none
618,http://redbubble.com,https://www.redbubble.com/,https://www.redbubble.com/,200,200,none,none
619,http://hamariweb.com,https://hamariweb.com/,https://hamariweb.com/,200,200,none,none
620,http://kontan.co.id,https://www.kontan.co.id/,https://www.kontan.co.id/,200,200,none,none
621,http://eee114.com,http://eee114.com/,http://eee114.com/,404,404,none,none
622,http://google.ro,https://www.google.ro/?gws_rd=ssl,https://www.google.ro/?gws_rd=ssl,200,200,none,none
623,http://boc.cn,none,none,0,0,net::ERR_NAME_NOT_RESOLVED at http://boc.cn,net::ERR_NAME_NOT_RESOLVED at http://boc.cn
624,http://dangdang.com,http://www.dangdang.com/,http://www.dangdang.com/,200,200,none,none
625,http://dhl.com,https://www.dhl.com/se-sv/home.html?locale=true,https://www.dhl.com/nl-nl/home.html?locale=true,200,200,none,none
626,http://tinder.com,https://tinder.com/,https://tinder.com/,200,200,none,none
627,http://atavatan-turkmenistan.com,https://www.atavatan-turkmenistan.com/,https://www.atavatan-turkmenistan.com/,200,200,none,none
628,http://chron.com,https://www.chron.com/,https://www.chron.com/,200,200,none,none
629,http://nba.com,https://www.nba.com/,https://www.nba.com/,200,200,none,none
630,http://neobux.com,https://www.neobux.com/,https://www.neobux.com/,200,200,none,none
631,http://souq.com,https://egypt.souq.com/eg-ar/,https://egypt.souq.com/eg-ar/,200,200,none,none
632,http://rakuten.com,https://www.rakuten.com/,https://www.rakuten.com/,200,200,none,none
633,http://home77.com,http://www.home77.com/city,http://www.home77.com/city,200,200,none,none
634,http://files.wordpress.com,https://wordpress.com/,https://wordpress.com/,200,200,none,none
635,http://firefaucet.win,https://firefaucet.win/,https://firefaucet.win/,200,200,none,none
636,http://usnews.com,https://www.usnews.com/,https://www.usnews.com/,200,200,none,none
637,http://douban.com,https://www.douban.com/,https://www.douban.com/,200,200,none,none
638,http://khanacademy.org,https://www.khanacademy.org/,https://www.khanacademy.org/,200,200,none,none
639,http://matchesfashion.com,https://www.matchesfashion.com/intl/,https://www.matchesfashion.com/intl/,200,200,none,none
640,http://businessinsider.com,https://www.businessinsider.com/nordic?r=US&IR=T,https://www.businessinsider.nl/?international=true&r=US,200,200,none,none
641,http://myworkdayjobs.com,none,none,0,0,net::ERR_CONNECTION_REFUSED at http://myworkdayjobs.com,net::ERR_CONNECTION_REFUSED at http://myworkdayjobs.com
642,http://nextdoor.com,https://se.nextdoor.com/,https://nextdoor.nl/,200,200,none,none
643,http://mytheresa.com,https://www.mytheresa.com/euro_en/?log=geo&loc=f,https://www.mytheresa.com/en-nl/?log=geo&loc=f,200,200,none,none
644,http://people.com.cn,http://people.com.cn/,http://people.com.cn/,200,200,none,none
645,http://kickstarter.com,https://www.kickstarter.com/,https://www.kickstarter.com/,200,200,none,none
646,http://milliyet.com.tr,https://www.milliyet.com.tr/,https://www.milliyet.com.tr/,200,200,none,none
647,http://douyu.com,https://www.douyu.com/,https://www.douyu.com/,200,200,none,none
648,http://pcmag.com,https://www.pcmag.com/,https://www.pcmag.com/,200,200,none,none
649,http://coiestrong.fun,http://coiestrong.fun/,http://coiestrong.fun/,200,200,none,none
650,http://lifo.gr,https://www.lifo.gr/,https://www.lifo.gr/,200,200,none,none
651,http://nexusmods.com,https://www.nexusmods.com/,https://www.nexusmods.com/,200,200,none,none
652,http://addthis.com,https://www.addthis.com/,https://www.addthis.com/,200,200,none,none
653,http://nicsorts-accarade.com,http://nicsorts-accarade.com/,http://nicsorts-accarade.com/,404,404,none,none
654,http://elmundo.es,https://www.elmundo.es/,https://www.elmundo.es/,200,200,none,none
655,http://teambition.com,https://www.teambition.com/,https://www.teambition.com/,200,200,none,none
656,http://noon.com,https://www.noon.com/uae-en/,https://www.noon.com/uae-en/,200,200,none,none
657,http://slickdeals.net,https://slickdeals.net/,https://slickdeals.net/,200,200,none,none
658,http://vtv.vn,https://vtv.vn/,https://vtv.vn/,200,200,none,none
659,http://espncdn.shop,https://www.espncdn.shop/,https://www.espncdn.shop/,200,200,none,none
660,http://pexels.com,https://www.pexels.com/,https://www.pexels.com/,200,200,none,none
661,http://nhl.com,https://www.nhl.com/,https://www.nhl.com/,200,200,none,none
662,http://52pk.com,https://www.52pk.com/,https://www.52pk.com/,200,200,none,none
663,http://dstv.com,https://www.dstvafrica.com/home,https://www.dstvafrica.com/home,200,200,none,none
664,http://pchome.com.tw,https://www.pchome.com.tw/,https://www.pchome.com.tw/,200,200,none,none
665,http://zara.com,https://www.zara.com/,https://www.zara.com/,200,200,none,none
666,http://wplay.co,https://www.wplay.co/,https://www.wplay.co/,200,200,none,none
667,http://kp.ru,https://www.kp.ru/,https://www.kp.ru/,200,200,none,none
668,http://g2afse.com,none,none,0,0,net::ERR_NAME_NOT_RESOLVED at http://g2afse.com,net::ERR_NAME_NOT_RESOLVED at http://g2afse.com
669,http://mehrnews.com,https://www.mehrnews.com/,https://www.mehrnews.com/,200,200,none,none
670,http://schoology.com,https://www.schoology.com/,https://www.schoology.com/,200,200,none,none
671,http://constantcontact.com,https://www.constantcontact.com/global/home-page,https://www.constantcontact.com/global/home-page,200,200,none,none
672,http://endclothing.com,https://www.endclothing.com/se,https://www.endclothing.com/nl,200,200,none,none
673,http://biblegateway.com,https://www.biblegateway.com/,https://www.biblegateway.com/,200,200,none,none
674,http://ubereats.com,https://www.ubereats.com/se,https://www.ubereats.com/nl,200,200,none,none
675,http://www.gov.cn,http://www.gov.cn/,http://www.gov.cn/,200,200,none,none
676,http://mbc.net,https://www.mbc.net/,https://www.mbc.net/,200,200,none,none
677,http://docusign.com,https://www.docusign.com/,https://www.docusign.com/,200,200,none,none
678,http://dmm.com,https://www.dmm.com/,https://www.dmm.com/,200,200,none,none
679,http://dextools.io,https://www.dextools.io/,https://www.dextools.io/,200,200,none,none
680,http://editor.wix.com,https://www.wix.com/,https://www.wix.com/,200,200,none,none
681,http://doordash.com,https://www.doordash.com/,https://www.doordash.com/,200,200,none,none
682,http://ssense.com,https://www.ssense.com/en-se,https://www.ssense.com/en-nl,200,200,none,none
683,http://ngacn.cc,http://www.nga.cn/,http://www.nga.cn/,200,200,none,none
684,http://npr.org,https://www.npr.org/?t=1621425696076,https://www.npr.org/?t=1621400153725,200,200,none,none
685,http://shahid4u.land,https://shahid4u.tech/main9,https://shahid4u.tech/main9,200,200,none,none
686,http://cj.com,https://www.cj.com/,https://www.cj.com/,200,200,none,none
687,http://britannica.com,https://www.britannica.com/,https://www.britannica.com/,200,200,none,none
688,http://firefoxchina.cn,https://home.firefoxchina.cn/?fromwww,https://home.firefoxchina.cn/?fromwww,200,200,none,none
689,http://justdial.com,https://www.justdial.com/,https://www.justdial.com/,200,200,none,none
690,http://dcinside.com,https://www.dcinside.com/,https://www.dcinside.com/,200,200,none,none
691,http://iherb.com,https://se.iherb.com/,https://nl.iherb.com/,200,200,none,none
692,http://cbssports.com,https://www.cbssports.com/,https://www.cbssports.com/,200,200,none,none
693,http://nyaa.si,https://nyaa.si/,https://nyaa.si/,200,200,none,none
694,http://shopify.com,https://www.shopify.com/,https://www.shopify.com/,200,200,none,none
695,http://infourok.ru,https://infourok.ru/,https://infourok.ru/,200,200,none,none
696,http://box.com,https://www.box.com/,https://www.box.com/,200,200,none,none
697,http://msi.com,none,none,0,0,Navigation timeout of 40000 ms exceeded,Navigation timeout of 40000 ms exceeded
698,http://core.ac.uk,https://core.ac.uk/,https://core.ac.uk/,200,200,none,none
699,http://mynet.com,https://www.mynet.com/,https://www.mynet.com/,200,200,none,none
700,http://u.gg,https://u.gg/,https://u.gg/,200,200,none,none
701,http://dontorrents.one,https://dontorrents.one/,https://dontorrents.one/,200,200,none,none
702,http://vseigru.net,https://vseigru.net/,https://vseigru.net/,200,200,none,none
703,http://cdiscount.com,https://www.cdiscount.com/,https://www.cdiscount.com/,200,200,none,none
704,http://google.be,https://www.google.be/?gws_rd=ssl,https://www.google.be/?gws_rd=ssl,200,200,none,none
705,http://axisbank.co.in,none,none,0,0,net::ERR_NAME_NOT_RESOLVED at http://axisbank.co.in,net::ERR_NAME_NOT_RESOLVED at http://axisbank.co.in
706,http://wondershare.com,https://www.wondershare.com/,https://www.wondershare.com/,200,200,none,none
707,http://lolesports.com,https://lolesports.com/,https://lolesports.com/,200,200,none,none
708,http://freepik.es,https://www.freepik.es/,https://www.freepik.es/,200,200,none,none
709,http://espncricinfo.com,https://www.espncricinfo.com/,https://www.espncricinfo.com/,200,200,none,none
710,http://olx.pl,https://www.olx.pl/,https://www.olx.pl/,200,200,none,none
711,http://yektanet.com,https://www.yektanet.com/,https://www.yektanet.com/,200,200,none,none
712,http://51auto.com,none,none,0,0,net::ERR_NAME_NOT_RESOLVED at http://51auto.com,net::ERR_NAME_NOT_RESOLVED at http://51auto.com
713,http://delta.com,https://www.delta.com/eu/en,https://www.delta.com/eu/en,200,200,none,none
714,http://walgreens.com,https://www.walgreens.com/,https://www.walgreens.com/,200,200,none,none
715,http://xhamsterlive.com,https://xhamsterlive.com/,https://xhamsterlive.com/,200,200,none,none
716,http://chooseauto.com.cn,none,none,0,0,net::ERR_NAME_NOT_RESOLVED at http://chooseauto.com.cn,net::ERR_NAME_NOT_RESOLVED at http://chooseauto.com.cn
717,http://globalsources.com,https://www.globalsources.com/,https://www.globalsources.com/,200,200,none,none
718,http://lenovo.com,https://www.lenovo.com/se/sv,https://www.lenovo.com/nl/nl/,200,200,none,none
719,http://investing.com,https://www.investing.com/,https://www.investing.com/,200,200,none,none
720,http://t-online.de,https://www.t-online.de/,https://www.t-online.de/,200,200,none,none
721,http://www.gov.uk,https://www.gov.uk/,https://www.gov.uk/,200,200,none,none
722,http://disqus.com,https://disqus.com/,https://disqus.com/,200,200,none,none
723,http://google.cn,http://www.google.cn/,http://www.google.cn/,200,200,none,none
724,http://billdesk.com,http://billdesk.com/,http://billdesk.com/,200,200,none,none
725,http://aweber.com,https://www.aweber.com/,https://www.aweber.com/,200,200,none,none
726,http://tejaratnews.com,https://tejaratnews.com/,https://tejaratnews.com/,200,200,none,none
727,http://depositphotos.com,https://depositphotos.com/,https://depositphotos.com/,200,200,none,none
728,http://google.cl,https://www.google.cl/?gws_rd=ssl,https://www.google.cl/?gws_rd=ssl,200,200,none,none
729,http://cnbcindonesia.com,https://www.cnbcindonesia.com/,https://www.cnbcindonesia.com/,200,200,none,none
730,http://uniformer.biz,none,none,0,0,net::ERR_ABORTED at http://uniformer.biz,net::ERR_ABORTED at http://uniformer.biz
731,http://donga.com,https://www.donga.com/,https://www.donga.com/,200,200,none,none
732,http://vvvdj.com,https://www.vvvdj.com/,https://www.vvvdj.com/,200,200,none,none
733,http://beytoote.com,https://www.beytoote.com/,https://www.beytoote.com/,200,200,none,none
734,http://louisvuitton.com,https://www.louisvuitton.com/,https://www.louisvuitton.com/,200,200,none,none
735,http://google.dz,https://www.google.dz/?gws_rd=ssl,https://www.google.dz/?gws_rd=ssl,200,200,none,none
736,http://dw.com,https://www.dw.com/en/top-stories/s-9097,https://www.dw.com/en/top-stories/s-9097,200,200,none,none
737,http://latimes.com,https://www.latimes.com/,https://www.latimes.com/,200,200,none,none
738,http://rakuten-sec.co.jp,https://www.rakuten-sec.co.jp/,https://www.rakuten-sec.co.jp/,200,200,none,none
739,http://seasonvar.ru,http://seasonvar.ru/,http://seasonvar.ru/,200,200,none,none
740,http://mydramalist.com,https://mydramalist.com/,https://mydramalist.com/,200,200,none,none
741,http://pinterest.jp,https://www.pinterest.jp/,https://www.pinterest.jp/,200,200,none,none
742,http://merriam-webster.com,https://www.merriam-webster.com/,https://www.merriam-webster.com/,200,200,none,none
743,http://urdupoint.com,https://www.urdupoint.com/,https://www.urdupoint.com/,200,200,none,none
744,http://wordreference.com,https://www.wordreference.com/,https://www.wordreference.com/,200,200,none,none
745,http://laroza.net,https://o.laroza.net:2053/,https://o.laroza.net:2053/,200,200,none,none
746,http://zalo.me,https://zalo.me/pc,https://zalo.me/pc,200,200,none,none
747,http://azureedge.net,none,none,0,0,net::ERR_NAME_NOT_RESOLVED at http://azureedge.net,net::ERR_NAME_NOT_RESOLVED at http://azureedge.net
748,http://beinsports.com,https://www.beinsports.com/site-locator,https://www.beinsports.com/site-locator,200,200,none,none
749,http://interia.pl,https://www.interia.pl/,https://www.interia.pl/,200,200,none,none
750,http://tempo.co,https://www.tempo.co/,https://www.tempo.co/,200,200,none,none
751,http://gstatic.com,http://www.gstatic.com/,http://www.gstatic.com/,404,404,none,none
752,http://basecamp.com,https://basecamp.com/,https://basecamp.com/,200,200,none,none
753,http://amazon.com.au,https://www.amazon.com.au/,https://www.amazon.com.au/,200,200,none,none
754,http://3dmgame.com,https://www.3dmgame.com/,https://www.3dmgame.com/,200,200,none,none
755,http://harvard.edu,https://www.harvard.edu/,https://www.harvard.edu/,200,200,none,none
756,http://udn.com,https://udn.com/news/index,https://udn.com/news/index,200,200,none,none
757,http://royalbank.com,https://www.rbcroyalbank.com/personal.html,https://www.rbcroyalbank.com/personal.html,200,200,none,none
758,http://cuevana3.io,https://cuevana3.io/,https://cuevana3.io/,200,200,none,none
759,http://myntra.com,https://www.myntra.com/,https://www.myntra.com/,200,200,none,none
760,http://kompas.tv,https://kompas.tv/,https://kompas.tv/,200,200,none,none
761,http://statcounter.com,https://statcounter.com/,https://statcounter.com/,200,200,none,none
762,http://accuweather.com,https://www.accuweather.com/,https://www.accuweather.com/,200,200,none,none
763,http://ft.com,https://www.ft.com/,https://www.ft.com/,200,200,none,none
764,http://docusign.net,https://account.docusign.com/oauth/auth?response_type=code&scope=all%20click.manage%20me_profile%20room_forms%20inproductcommunication_read%20data_explorer_signing_insights%20notary_read%20notary_write%20search_read%20search_write&client_id=2CC56DC9-4BCD-4B55-8AB0-8BA60BAE1065&redirect_uri=https%3A%2F%2Fapp.docusign.com%2Foauth%2Fcallback&state=%7B%22authTxnId%22%3A%2255d81dd4-6b6f-486f-b90d-061d2102f5a1%22%7D#/username,https://account.docusign.com/oauth/auth?response_type=code&scope=all%20click.manage%20me_profile%20room_forms%20inproductcommunication_read%20data_explorer_signing_insights%20notary_read%20notary_write%20search_read%20search_write&client_id=2CC56DC9-4BCD-4B55-8AB0-8BA60BAE1065&redirect_uri=https%3A%2F%2Fapp.docusign.com%2Foauth%2Fcallback&state=%7B%22authTxnId%22%3A%22e599a8a1-0762-4468-8b4a-5fc1dc1f7ff7%22%7D#/username,200,200,none,none
765,http://lazada.co.th,https://www.lazada.co.th/,https://www.lazada.co.th/,200,200,none,none
766,http://kuronekoyamato.co.jp,none,none,0,0,net::ERR_NAME_NOT_RESOLVED at http://kuronekoyamato.co.jp,net::ERR_NAME_NOT_RESOLVED at http://kuronekoyamato.co.jp
767,http://issuu.com,https://issuu.com/,https://issuu.com/,200,200,none,none
768,http://online-convert.com,https://www.online-convert.com/,https://www.online-convert.com/,200,200,none,none
769,http://shutterfly.com,https://www.shutterfly.com/,https://www.shutterfly.com/,200,200,none,none
770,http://inquirer.net,https://www.inquirer.net/,https://www.inquirer.net/,200,200,none,none
771,http://cars.com,https://www.cars.com/,https://www.cars.com/,200,200,none,none
772,http://cima4u.in,https://v8.cima4u.plus/,https://v8.cima4u.plus/,200,200,none,none
773,http://9anime.to,https://9anime.to/,https://9anime.to/,401,401,none,none
774,http://protonmail.com,https://protonmail.com/,https://protonmail.com/,200,200,none,none
775,http://javatpoint.com,https://www.javatpoint.com/,https://www.javatpoint.com/,200,200,none,none
776,http://afreecatv.com,https://afreecatv.com/,https://afreecatv.com/,200,200,none,none
777,http://timeanddate.com,https://www.timeanddate.com/,https://www.timeanddate.com/,200,200,none,none
778,http://a8.net,https://www.a8.net/,https://www.a8.net/,200,200,none,none
779,http://oracle.com,https://www.oracle.com/index.html,https://www.oracle.com/index.html,200,200,none,none
780,http://india.com,https://www.india.com/,https://www.india.com/,200,200,none,none
781,http://yenisafak.com,https://www.yenisafak.com/,https://www.yenisafak.com/,200,200,none,none
782,http://emojipedia.org,https://emojipedia.org/,https://emojipedia.org/,200,200,none,none
783,http://weblio.jp,https://weblio.jp/,https://weblio.jp/,404,404,none,none
784,http://google.nl,https://www.google.nl/?gws_rd=ssl,https://www.google.nl/?gws_rd=ssl,200,200,none,none
785,http://mydrivers.com,https://www.mydrivers.com/,https://www.mydrivers.com/,200,200,none,none
786,http://wp.pl,https://www.wp.pl/,https://www.wp.pl/,200,200,none,none
787,http://alicdn.com,none,none,0,0,Navigation timeout of 40000 ms exceeded,Navigation timeout of 40000 ms exceeded
788,http://iliangcang.com,https://iliangcang.com/,https://iliangcang.com/,200,200,none,none
789,http://anjuke.com,https://www.anjuke.com/esfcommon-captcha-geetest?callback=shield&from=antispam&namespace=anjuke_c_pc&serialID=7e03f72173f4c1c7f6b7d47ebb4ba902_f44051b25e0442cfa2380ae13f3d823f&history=aHR0cHM6Ly93d3cuYW5qdWtlLmNvbS8%3D,https://www.anjuke.com/,200,200,none,none
790,http://scielo.br,http://scielo.br/,http://scielo.br/,200,200,none,none
791,http://126.com,https://126.com/,https://126.com/,200,200,none,none
792,http://pixlr.com,https://pixlr.com/,https://pixlr.com/,200,200,none,none
793,http://binomo-trader.com,https://binomo-trader.com/,https://binomo-trader.com/,200,200,none,none
794,http://bandcamp.com,https://bandcamp.com/,https://bandcamp.com/,200,200,none,none
795,http://104.com.tw,https://www.104.com.tw/jobs/main/,https://www.104.com.tw/jobs/main/,200,200,none,none
796,http://kayak.com,https://www.kayak.se/?ispredir=true,https://www.kayak.nl/?ispredir=true,200,200,none,none
797,http://convertio.co,https://convertio.co/,https://convertio.co/,200,200,none,none
798,http://znds.com,https://www.znds.com/,https://www.znds.com/,200,200,none,none
799,http://istockphoto.com,https://www.istockphoto.com/se,https://www.istockphoto.com/nl,200,200,none,none
800,http://dreamstime.com,https://www.dreamstime.com/,https://www.dreamstime.com/,200,200,none,none
801,http://experian.com,https://www.experian.com/,https://www.experian.com/,200,200,none,none
802,http://libero.it,https://www.libero.it/,https://www.libero.it/,200,200,none,none
803,http://rediff.com,https://www.rediff.com/,https://www.rediff.com/,200,200,none,none
804,http://investopedia.com,https://www.investopedia.com/,https://www.investopedia.com/,200,200,none,none
805,http://nbc.com,https://www.nbc.com/,https://www.nbc.com/,200,200,none,none
806,http://who.int,https://www.who.int/,https://www.who.int/,200,200,none,none
807,http://kijiji.ca,https://www.kijiji.ca/,https://www.kijiji.ca/,200,200,none,none
808,http://quillbot.com,https://quillbot.com/,https://quillbot.com/,200,200,none,none
809,http://tandfonline.com,https://www.tandfonline.com/,https://www.tandfonline.com/,200,200,none,none
810,http://vidio.com,https://www.vidio.com/,https://www.vidio.com/,200,200,none,none
811,http://topfo.com,none,none,0,0,net::ERR_NAME_NOT_RESOLVED at http://topfo.com,net::ERR_NAME_NOT_RESOLVED at http://topfo.com
812,http://haibunda.com,https://www.haibunda.com/,https://www.haibunda.com/,200,200,none,none
813,http://gamespot.com,https://www.gamespot.com/,https://www.gamespot.com/,200,200,none,none
814,http://google.co.za,https://www.google.co.za/?gws_rd=ssl,https://www.google.co.za/?gws_rd=ssl,200,200,none,none
815,http://premierbet.co.ao,https://www.premierbet.co.ao/#/,https://www.premierbet.co.ao/#/,200,200,none,none
816,http://notion.so,https://www.notion.so/,https://www.notion.so/,200,200,none,none
817,http://eventbrite.com,https://www.eventbrite.com/,https://www.eventbrite.com/,200,200,none,none
818,http://coinex.com,https://www.coinex.com/,https://www.coinex.com/,200,200,none,none
819,http://ibm.com,https://www.ibm.com/se-en,https://www.ibm.com/nl-en,200,200,none,none
820,http://tinypng.com,https://tinypng.com/,https://tinypng.com/,200,200,none,none
821,http://mixdrop.co,https://mixdrop.co/,https://mixdrop.co/,200,200,none,none
822,http://jb51.net,https://www.jb51.net/,https://www.jb51.net/,200,200,none,none
823,http://lancers.jp,https://www.lancers.jp/,https://www.lancers.jp/,200,200,none,none
824,http://teamviewer.com,https://www.teamviewer.com/en/,https://www.teamviewer.com/en/,200,200,none,none
825,http://txxx.com,https://txxx.com/,https://txxx.com/,200,200,none,none
826,http://okex.com,https://www.okex.com/,https://www.okex.com/,200,200,none,none
827,http://t66y.com,http://t66y.com/,http://t66y.com/,200,200,none,none
828,http://blackboardcdn.com,https://blackboardcdn.com/,https://blackboardcdn.com/,403,403,none,none
829,http://tmz.com,https://www.tmz.com/,https://www.tmz.com/,200,200,none,none
830,http://renren.com,http://renren.com/,http://renren.com/,200,200,none,none
831,http://mxplayer.in,https://www.mxplayer.in/,https://www.mxplayer.in/,200,200,none,none
832,http://ebay.fr,https://www.ebay.fr/,https://www.ebay.fr/,200,200,none,none
833,http://1mg.com,https://www.1mg.com/,https://www.1mg.com/,200,200,none,none
834,http://mheducation.com,https://www.mheducation.com/,https://www.mheducation.com/,200,200,none,none
835,http://parsfootball.com,https://parsfootball.com/,https://parsfootball.com/,200,200,none,none
836,http://liquipedia.net,https://liquipedia.net/,https://liquipedia.net/,200,200,none,none
837,http://collegeboard.org,https://www.collegeboard.org/,https://www.collegeboard.org/,200,200,none,none
838,http://surveymonkey.com,https://www.surveymonkey.com/,https://www.surveymonkey.com/,200,200,none,none
839,http://cargurus.com,https://www.cargurus.com/,https://www.cargurus.com/,200,200,none,none
840,http://spiegel.de,https://www.spiegel.de/,https://www.spiegel.de/,200,200,none,none
841,http://kdslife.com,http://kdslife.com/f_15.html,http://kdslife.com/f_15.html,200,200,none,none
842,http://nature.com,https://www.nature.com/,https://www.nature.com/,200,200,none,none
843,http://hi.ru,https://hi.ru/,https://hi.ru/,200,200,none,none
844,http://aa.com.tr,https://www.aa.com.tr/en,https://www.aa.com.tr/en,200,200,none,none
845,http://tesla.com,https://www.tesla.com/,https://www.tesla.com/,200,200,none,none
846,http://n17.biz,https://n17.biz/,https://n17.biz/,200,200,none,none
847,http://docin.com,https://www.docin.com/,https://www.docin.com/,200,200,none,none
848,http://goal.com,https://www.goal.com/en,https://www.goal.com/nl,200,200,none,none
849,http://ciceksepeti.com,https://www.ciceksepeti.com/,https://www.ciceksepeti.com/,200,200,none,none
850,http://hatenablog.com,https://hatenablog.com/,https://hatenablog.com/,200,200,none,none
851,http://thehindu.com,https://www.thehindu.com/,https://www.thehindu.com/,200,200,none,none
852,http://nbcnews.com,https://www.nbcnews.com/,https://www.nbcnews.com/,200,200,none,none
853,http://shopee.ph,https://shopee.ph/,https://shopee.ph/,200,200,none,none
854,http://flightradar24.com,"https://www.flightradar24.com/59.32,18.06/6","https://www.flightradar24.com/51.89,4.51/6",200,200,none,none
855,http://overstock.com,https://www.overstock.com/,https://www.overstock.com/,200,200,none,none
856,http://google.pt,https://www.google.pt/?gws_rd=ssl,https://www.google.pt/?gws_rd=ssl,200,200,none,none
857,http://nairaland.com,https://www.nairaland.com/,https://www.nairaland.com/,200,200,none,none
858,http://storm.mg,https://www.storm.mg/,https://www.storm.mg/,200,200,none,none
859,http://ny.gov,https://www.ny.gov/,https://www.ny.gov/,200,200,none,none
860,http://convertkit.com,https://convertkit.com/,https://convertkit.com/,200,200,none,none
861,http://ojooo.com,https://ojooo.com/,https://ojooo.com/,200,200,none,none
862,http://xiu.com,none,none,0,0,net::ERR_NAME_NOT_RESOLVED at http://xiu.com,net::ERR_NAME_NOT_RESOLVED at http://xiu.com
863,http://livemint.com,https://www.livemint.com/,https://www.livemint.com/,200,200,none,none
864,http://bolasport.com,https://www.bolasport.com/,https://www.bolasport.com/,200,200,none,none
865,http://namecheap.com,https://www.namecheap.com/,https://www.namecheap.com/,200,200,none,none
866,http://shopstyle.com,https://www.shopstyle.com/,https://www.shopstyle.com/,200,200,none,none
867,http://mayoclinic.org,https://www.mayoclinic.org/,https://www.mayoclinic.org/,200,200,none,none
868,http://trustwallet.com,https://trustwallet.com/,https://trustwallet.com/,200,200,none,none
869,http://marriott.com,https://www.marriott.com/default.mi,https://www.marriott.com/default.mi,200,200,none,none
870,http://coinspot.com.au,https://www.coinspot.com.au/,https://www.coinspot.com.au/,200,200,none,none
871,http://repubblica.it,https://www.repubblica.it/,https://www.repubblica.it/,200,200,none,none
872,http://robinhood.com,https://robinhood.com/us/en/,https://robinhood.com/us/en/,200,200,none,none
873,http://animeflv.net,https://www3.animeflv.net/?__cf_chl_jschl_tk__=105aca334e19be7cee096bcbccf292175756917c-1621427551-0-AQTnP0rbrzTtiFKNxVDvFmWpJzfi8OSD-h24Jhfv48Fv0KDbC4olnfbjSsoDtuWTGOjV5mlCkM1Z-VqKmlyPtH3KdiWxWz0gkKh3AQlJQ9n1qFuaDM9oZ_ZWKC_Xh3dZlZUsd5P_oTvwP7p79RKOTXLuyM-9bj_kZg5E2Q5uheLbswPmIkse05HcK9gCO_Tpc9LhUqRTYILkwc600kLAcWC1C1dDn-QNe5qqivzLEbhjMXGa1lNe9qBOAfsvOnw_wV4C5w-3p7PcvECdbWgZC2wdS-PcwoWi0d6EZFKYi9uZ4uypBkgxBsAvBBLc-PI4tVQSNmMKW7RFZY30vv3cbvBXdaX9YcrVjJqbqM_l5ENwLBiudsc7DGjfqDoZ-3IpC4KhC2v_bjCDp1qbcxx57Vg,https://www3.animeflv.net/,503,503,none,none
874,http://generatepress.com,https://generatepress.com/,https://generatepress.com/,200,200,none,none
875,http://scroll.in,https://scroll.in/,https://scroll.in/,200,200,none,none
876,http://cvs.com,https://www.cvs.com/international.html,https://www.cvs.com/international.html,200,200,none,none
877,http://viva.co.id,https://www.viva.co.id/,https://www.viva.co.id/,200,200,none,none
878,http://aa.com,https://www.aa.com/intl/portal/index.jsp?locale=en_SE,https://www.american-airlines.nl/intl/nl/index.jsp,200,200,none,none
879,http://intel.com,https://www.intel.com/content/www/us/en/homepage.html,https://www.intel.com/content/www/us/en/homepage.html,200,200,none,none
880,http://madhyamam.com,https://www.madhyamam.com/,https://www.madhyamam.com/,200,200,none,none
881,http://pdfdrive.com,https://www.pdfdrive.com/,https://www.pdfdrive.com/,200,200,none,none
882,http://sastasundar.com,https://www.sastasundar.com/,https://www.sastasundar.com/,200,200,none,none
883,http://bzw315.com,https://www.bzw315.com/,https://www.bzw315.com/,200,200,none,none
884,http://kizlarsoruyor.com,https://www.kizlarsoruyor.com/,https://www.kizlarsoruyor.com/,200,200,none,none
885,http://suumo.jp,https://suumo.jp/,https://suumo.jp/,200,200,none,none
886,http://usbank.com,https://www.usbank.com/index.html,https://www.usbank.com/index.html,200,200,none,none
887,http://gazzettadelsud.it,https://gazzettadelsud.it/,https://gazzettadelsud.it/,200,200,none,none
888,http://dogechain.info,https://dogechain.info/,https://dogechain.info/,200,200,none,none
889,http://mercadolibre.com.ve,https://www.mercadolibre.com.ve/,https://www.mercadolibre.com.ve/,200,200,none,none
890,http://realestate.com.au,https://www.realestate.com.au/buy,https://www.realestate.com.au/buy,200,200,none,none
891,http://tsetmc.com,http://tsetmc.com/Loader.aspx?ParTree=15,http://tsetmc.com/Loader.aspx?ParTree=15,200,200,none,none
892,http://banggood.com,https://www.banggood.com/?akmClientCountry=SE&,https://www.banggood.com/?akmClientCountry=NL&,200,200,none,none
893,http://printful.com,https://www.printful.com/,https://www.printful.com/,200,200,none,none
894,http://ytimg.com,none,none,0,0,net::ERR_NAME_NOT_RESOLVED at http://ytimg.com,net::ERR_NAME_NOT_RESOLVED at http://ytimg.com
895,http://rsafrwdr.com,https://www.google.com/,https://www.google.com/,200,200,none,none
896,http://protothema.gr,https://www.protothema.gr/,https://www.protothema.gr/,200,200,none,none
897,http://worktile.com,https://worktile.com/,https://worktile.com/,200,200,none,none
898,http://hespress.com,https://www.hespress.com/,https://www.hespress.com/,200,200,none,none
899,http://wpengine.com,https://wpengine.com/,https://wpengine.com/,200,200,none,none
900,http://sputniknews.com,https://sputniknews.com/,https://sputniknews.com/,200,200,none,none
901,http://bancodevenezuela.com,https://www.bancodevenezuela.com/,https://www.bancodevenezuela.com/,200,200,none,none
902,http://leagueoflegends.com,https://eune.leagueoflegends.com/en-pl/,https://euw.leagueoflegends.com/en-gb/,200,200,none,none
903,http://allrecipes.com,https://www.allrecipes.com/,https://www.allrecipes.com/,200,200,none,none
904,http://17track.net,https://www.17track.net/en,https://www.17track.net/en,200,200,none,none
905,http://mi.com,https://www.mi.com/se/,https://www.mi.com/nl/,200,200,none,none
906,http://livedoor.com,http://www.livedoor.com/,http://www.livedoor.com/,200,200,none,none
907,http://norton.com,https://se.norton.com/,https://nl.norton.com/,200,200,none,none
908,http://rarbg.to,http://rarbg.to/index80.php,http://rarbg.to/index80.php,200,200,none,none
909,http://southcn.com,http://www.southcn.com/,http://www.southcn.com/,200,200,none,none
910,http://byjus.com,http://byjus.com/,http://byjus.com/,403,403,none,none
911,http://semrush.com,https://www.semrush.com/,https://www.semrush.com/,200,200,none,none
912,http://ouo.io,https://ouo.io/,https://ouo.io/,200,200,none,none
913,http://list-manage.com,https://mailchimp.com/about/mcsv-static,https://mailchimp.com/about/mcsv-static,200,200,none,none
914,http://thegatewaypundit.com,https://www.thegatewaypundit.com/,https://www.thegatewaypundit.com/,200,200,none,none
915,http://bhaskar.com,https://www.bhaskar.com/,https://www.bhaskar.com/,200,200,none,none
916,http://google.com.pe,https://www.google.com.pe/?gws_rd=ssl,https://www.google.com.pe/?gws_rd=ssl,200,200,none,none
917,http://myanimelist.net,https://myanimelist.net/,https://myanimelist.net/,200,200,none,none
918,http://advideoblock.com,https://advideoblock.com/,https://advideoblock.com/,200,200,none,none
919,http://crictracker.com,https://www.crictracker.com/,https://www.crictracker.com/,200,200,none,none
920,http://pushails.com,http://pushails.com/,http://pushails.com/,404,404,none,none
921,http://yandex.com,https://yandex.com/,https://yandex.com/,200,200,none,none
922,http://bild.de,https://www.bild.de/wa/ll/bild-de/unangemeldet-42925516.bild.html,https://www.bild.de/wa/ll/bild-de/unangemeldet-42925516.bild.html,200,200,none,none
923,http://exoclick.com,https://www.exoclick.com/,https://www.exoclick.com/,200,200,none,none
924,http://groupon.com,https://www.groupon.com/,https://www.groupon.com/,200,200,none,none
925,http://dafont.com,https://www.dafont.com/,https://www.dafont.com/,200,200,none,none
926,http://free.fr,https://www.free.fr/freebox/,https://www.free.fr/freebox/,200,200,none,none
927,http://google.com.pk,https://www.google.com.pk/?gws_rd=ssl,https://www.google.com.pk/?gws_rd=ssl,200,200,none,none
928,http://jw.org,https://www.jw.org/en/,https://www.jw.org/en/,200,200,none,none
929,http://hnu.edu.cn,none,none,0,0,net::ERR_NAME_NOT_RESOLVED at http://hnu.edu.cn,net::ERR_NAME_NOT_RESOLVED at http://hnu.edu.cn
930,http://gap.com,https://www.gap.com/,https://www.gap.com/,200,200,none,none
931,http://xiaomi.com,https://www.mi.com/se/,https://www.mi.com/nl/,200,200,none,none
932,http://skynewsarabia.com,https://www.skynewsarabia.com/,https://www.skynewsarabia.com/,200,200,none,none
933,http://ancestry.com,https://www.ancestry.com/,https://www.ancestry.com/,200,200,none,none
934,http://giphy.com,https://giphy.com/,https://giphy.com/,200,200,none,none
935,http://olx.in,https://www.olx.in/,https://www.olx.in/,200,200,none,none
936,http://edx.org,https://www.edx.org/,https://www.edx.org/,200,200,none,none
937,http://smartsheet.com,https://www.smartsheet.com/,https://www.smartsheet.com/,200,200,none,none
938,http://warriorplus.com,https://warriorplus.com/,https://warriorplus.com/,200,200,none,none
939,http://wangdaidongfang.com,none,none,0,0,net::ERR_NAME_NOT_RESOLVED at http://wangdaidongfang.com,net::ERR_NAME_NOT_RESOLVED at http://wangdaidongfang.com
940,http://morningpost.com.cn,none,none,0,0,net::ERR_NAME_NOT_RESOLVED at http://morningpost.com.cn,net::ERR_NAME_NOT_RESOLVED at http://morningpost.com.cn
941,http://gxu.edu.cn,none,none,0,0,net::ERR_NAME_NOT_RESOLVED at http://gxu.edu.cn,net::ERR_NAME_NOT_RESOLVED at http://gxu.edu.cn
942,http://t-mobile.com,https://www.t-mobile.com/,https://www.t-mobile.com/,200,200,none,none
943,http://xbox.com,https://www.xbox.com/en-US/,https://www.xbox.com/en-US/,200,200,none,none
944,http://emofid.com,https://www.emofid.com/,https://www.emofid.com/,200,200,none,none
945,http://lawtime.cn,https://www.lawtime.cn/default.php,https://www.lawtime.cn/default.php,200,200,none,none
946,http://samsclub.com,https://www.samsclub.com/,https://www.samsclub.com/,200,200,none,none
947,http://cn163.net,https://cn163.net/,https://cn163.net/,200,200,none,none
948,http://xiami.com,https://conch.xiami.com/,https://conch.xiami.com/,200,200,none,none
949,http://yinyuetai.com,https://yinyuetai.com/,https://yinyuetai.com/,200,200,none,none
950,http://mobile.de,https://www.mobile.de/,https://www.mobile.de/,200,200,none,none
951,http://cricketaddictor.com,https://cricketaddictor.com/,https://cricketaddictor.com/,200,200,none,none
952,http://time.ir,https://www.time.ir/,https://www.time.ir/,200,200,none,none
953,http://flipboard.com,https://flipboard.com/,https://flipboard.com/,200,200,none,none
954,http://zee5.com,https://www.zee5.com/global,https://www.zee5.com/global,200,200,none,none
955,http://consultant.ru,http://www.consultant.ru/,http://www.consultant.ru/,200,200,none,none
956,http://poshmark.com,https://poshmark.com/,https://poshmark.com/,200,200,none,none
957,http://programme-tv.net,https://www.programme-tv.net/,https://www.programme-tv.net/,200,200,none,none
958,http://51sole.com,https://www.51sole.com/,https://www.51sole.com/,200,200,none,none
959,http://verajohn.com,https://mobile.verajohn.se/,http://verajohn.com/,200,403,none,none
960,http://khanefootball.com,https://www.khanefootball.com/,https://www.khanefootball.com/,200,200,none,none
961,http://1377x.to,https://www.1377x.to/,https://www.1377x.to/,200,200,none,none
962,http://unsplash.com,https://unsplash.com/,https://unsplash.com/,200,200,none,none
963,http://imooc.com,https://www.imooc.com/,https://www.imooc.com/,200,200,none,none
964,http://battle.net,https://eu.shop.battle.net/en-us,https://eu.shop.battle.net/en-us,200,200,none,none
965,http://cfsbcn.com,http://cfsbcn.com/,http://cfsbcn.com/,200,200,none,none
966,http://tsichuan.com,none,none,0,0,net::ERR_NAME_NOT_RESOLVED at http://tsichuan.com,net::ERR_NAME_NOT_RESOLVED at http://tsichuan.com
967,http://brasilescola.uol.com.br,https://brasilescola.uol.com.br/,https://brasilescola.uol.com.br/,200,200,none,none
968,http://weibo.cn,https://weibo.cn/pub/,https://weibo.cn/pub/,200,200,none,none
969,http://thefreedictionary.com,https://www.thefreedictionary.com/,https://www.thefreedictionary.com/,200,200,none,none
970,http://soft98.ir,https://soft98.ir/,https://soft98.ir/,200,200,none,none
971,http://cardinalcommerce.com,none,none,0,0,Navigation timeout of 40000 ms exceeded,Navigation timeout of 40000 ms exceeded
972,http://united.com,https://www.united.com/en/us,https://www.united.com/en/us,200,200,none,none
973,http://nikkei.com,https://www.nikkei.com/,https://www.nikkei.com/,200,200,none,none
974,http://business.site,https://www.google.com/business/website-builder/,https://www.google.com/business/website-builder/,200,200,none,none
975,http://getadblock.com,https://getadblock.com/,https://getadblock.com/,200,200,none,none
976,http://epfindia.gov.in,https://www.epfindia.gov.in/site_en/index.php,https://www.epfindia.gov.in/site_en/index.php,200,200,none,none
977,http://sxyprn.com,https://sxyprn.com/,https://sxyprn.com/,200,200,none,none
978,http://steampowered.com,https://store.steampowered.com/,https://store.steampowered.com/,200,200,none,none
979,http://google.com.co,https://www.google.com.co/?gws_rd=ssl,https://www.google.com.co/?gws_rd=ssl,200,200,none,none
980,http://gamer.com.tw,https://www.gamer.com.tw/,https://www.gamer.com.tw/,200,200,none,none
981,http://championat.com,https://www.championat.com/,https://www.championat.com/,200,200,none,none
982,http://subscene.com,https://subscene.com/,https://subscene.com/,200,200,none,none
983,http://google.ch,https://www.google.ch/?gws_rd=ssl,https://www.google.ch/?gws_rd=ssl,200,200,none,none
984,http://qualtrics.com,https://www.qualtrics.com/,https://www.qualtrics.com/uk/?rid=ip&prevsite=en&newsite=uk&geo=NL&geomatch=uk,200,200,none,none
985,http://etherscan.io,https://etherscan.io/,https://etherscan.io/,200,200,none,none
986,http://hesgoal.com,http://www.hesgoal.com/,http://www.hesgoal.com/,200,200,none,none
987,http://oxu.az,https://oxu.az/,https://oxu.az/,200,200,none,none
988,http://python.org,https://www.python.org/,https://www.python.org/,200,200,none,none
989,http://drudgereport.com,http://drudgereport.com/,http://drudgereport.com/,200,200,none,none
990,http://zingnews.vn,https://zingnews.vn/,https://zingnews.vn/,200,200,none,none
991,http://poki.com,https://poki.com/,https://poki.com/,200,200,none,none
992,http://hotels.com,https://sv.hotels.com/,https://nl.hotels.com/,200,200,none,none
993,http://epwk.com,https://www.epwk.com/,https://www.epwk.com/,200,200,none,none
994,http://mycima.wine,https://mycima.show/,https://mycima.show/,200,200,none,none
995,http://kooora.com,https://www.kooora.com/,https://www.kooora.com/,200,200,none,none
996,http://zhaket.com,https://www.zhaket.com/,https://www.zhaket.com/,200,200,none,none
997,http://xero.com,https://www.xero.com/,https://www.xero.com/,200,200,none,none
998,http://startpage.com,https://startpage.com/,https://startpage.com/,200,200,none,none
999,http://pathofexile.com,https://www.pathofexile.com/,https://www.pathofexile.com/,200,200,none,none
1000,http://tinyurl.is,https://tinyurl.is/,https://tinyurl.is/,200,200,none,none
